Drug,Target_UniProt,Assay_Value,inchi_key,pert_id
Abiraterone Acetate,P05093,175.88333333333333,UVIQSJCZCSLXRZ-UBUQANBQSA-N,BRD-K24048528
Abiraterone Acetate,P08684,2702.6666666666665,UVIQSJCZCSLXRZ-UBUQANBQSA-N,BRD-K24048528
Abiraterone Acetate,P15538,1609.0,UVIQSJCZCSLXRZ-UBUQANBQSA-N,BRD-K24048528
Abiraterone Acetate,P19099,1750.3333333333333,UVIQSJCZCSLXRZ-UBUQANBQSA-N,BRD-K24048528
Alectinib,Q9UM73,1.899999976,KDGFLJKFZUIJMX-UHFFFAOYSA-N,BRD-K11267252
Anastrozole,P11511,140.18111111111114,YBBLVLTVTVSKRW-UHFFFAOYSA-N,BRD-K52172416
Anastrozole,P22310,4720.0,YBBLVLTVTVSKRW-UHFFFAOYSA-N,BRD-K52172416
Axitinib,O00238,2900.0,RITAVMQDGBJQJZ-FMIVXFBMSA-N,BRD-K29905972
Axitinib,O00444,23.755555555555556,RITAVMQDGBJQJZ-FMIVXFBMSA-N,BRD-K29905972
Axitinib,O14730,1000.0,RITAVMQDGBJQJZ-FMIVXFBMSA-N,BRD-K29905972
Axitinib,O14965,72.0,RITAVMQDGBJQJZ-FMIVXFBMSA-N,BRD-K29905972
Axitinib,O14976,2700.0,RITAVMQDGBJQJZ-FMIVXFBMSA-N,BRD-K29905972
Axitinib,O15197,360.0,RITAVMQDGBJQJZ-FMIVXFBMSA-N,BRD-K29905972
Axitinib,O43353,9900.0,RITAVMQDGBJQJZ-FMIVXFBMSA-N,BRD-K29905972
Axitinib,O60674,3300.0,RITAVMQDGBJQJZ-FMIVXFBMSA-N,BRD-K29905972
Axitinib,O75716,370.0,RITAVMQDGBJQJZ-FMIVXFBMSA-N,BRD-K29905972
Axitinib,O94804,1200.0,RITAVMQDGBJQJZ-FMIVXFBMSA-N,BRD-K29905972
Axitinib,O95819,350.0,RITAVMQDGBJQJZ-FMIVXFBMSA-N,BRD-K29905972
Axitinib,O96013,4500.0,RITAVMQDGBJQJZ-FMIVXFBMSA-N,BRD-K29905972
Axitinib,P00519,369.8066666666667,RITAVMQDGBJQJZ-FMIVXFBMSA-N,BRD-K29905972
Axitinib,P00533,4250.0,RITAVMQDGBJQJZ-FMIVXFBMSA-N,BRD-K29905972
Axitinib,P04629,1800.0,RITAVMQDGBJQJZ-FMIVXFBMSA-N,BRD-K29905972
Axitinib,P06239,2700.0,RITAVMQDGBJQJZ-FMIVXFBMSA-N,BRD-K29905972
Axitinib,P07333,21.0,RITAVMQDGBJQJZ-FMIVXFBMSA-N,BRD-K29905972
Axitinib,P07947,2700.0,RITAVMQDGBJQJZ-FMIVXFBMSA-N,BRD-K29905972
Axitinib,P07949,780.0,RITAVMQDGBJQJZ-FMIVXFBMSA-N,BRD-K29905972
Axitinib,P08581,970.0,RITAVMQDGBJQJZ-FMIVXFBMSA-N,BRD-K29905972
Axitinib,P08922,3200.0,RITAVMQDGBJQJZ-FMIVXFBMSA-N,BRD-K29905972
Axitinib,P09619,0.57,RITAVMQDGBJQJZ-FMIVXFBMSA-N,BRD-K29905972
Axitinib,P09769,1800.0,RITAVMQDGBJQJZ-FMIVXFBMSA-N,BRD-K29905972
Axitinib,P10721,913.78625,RITAVMQDGBJQJZ-FMIVXFBMSA-N,BRD-K29905972
Axitinib,P11362,380.0,RITAVMQDGBJQJZ-FMIVXFBMSA-N,BRD-K29905972
Axitinib,P16234,0.51,RITAVMQDGBJQJZ-FMIVXFBMSA-N,BRD-K29905972
Axitinib,P17948,5.8,RITAVMQDGBJQJZ-FMIVXFBMSA-N,BRD-K29905972
Axitinib,P19525,7400.0,RITAVMQDGBJQJZ-FMIVXFBMSA-N,BRD-K29905972
Axitinib,P19784,2800.0,RITAVMQDGBJQJZ-FMIVXFBMSA-N,BRD-K29905972
Axitinib,P21802,110.0,RITAVMQDGBJQJZ-FMIVXFBMSA-N,BRD-K29905972
Axitinib,P22607,210.0,RITAVMQDGBJQJZ-FMIVXFBMSA-N,BRD-K29905972
Axitinib,P29597,3600.0,RITAVMQDGBJQJZ-FMIVXFBMSA-N,BRD-K29905972
Axitinib,P30530,420.0,RITAVMQDGBJQJZ-FMIVXFBMSA-N,BRD-K29905972
Axitinib,P32298,2300.0,RITAVMQDGBJQJZ-FMIVXFBMSA-N,BRD-K29905972
Axitinib,P33981,3900.0,RITAVMQDGBJQJZ-FMIVXFBMSA-N,BRD-K29905972
Axitinib,P35590,97.0,RITAVMQDGBJQJZ-FMIVXFBMSA-N,BRD-K29905972
Axitinib,P35916,170.0,RITAVMQDGBJQJZ-FMIVXFBMSA-N,BRD-K29905972
Axitinib,P35968,3.0750000237500004,RITAVMQDGBJQJZ-FMIVXFBMSA-N,BRD-K29905972
Axitinib,P36507,2600.0,RITAVMQDGBJQJZ-FMIVXFBMSA-N,BRD-K29905972
Axitinib,P36888,503.2857142857143,RITAVMQDGBJQJZ-FMIVXFBMSA-N,BRD-K29905972
Axitinib,P41240,1100.0,RITAVMQDGBJQJZ-FMIVXFBMSA-N,BRD-K29905972
Axitinib,P42681,2400.0,RITAVMQDGBJQJZ-FMIVXFBMSA-N,BRD-K29905972
Axitinib,P42684,70.0,RITAVMQDGBJQJZ-FMIVXFBMSA-N,BRD-K29905972
Axitinib,P45983,3900.0,RITAVMQDGBJQJZ-FMIVXFBMSA-N,BRD-K29905972
Axitinib,P51451,3100.0,RITAVMQDGBJQJZ-FMIVXFBMSA-N,BRD-K29905972
Axitinib,P51617,3100.0,RITAVMQDGBJQJZ-FMIVXFBMSA-N,BRD-K29905972
Axitinib,P52333,3100.0,RITAVMQDGBJQJZ-FMIVXFBMSA-N,BRD-K29905972
Axitinib,P53779,1100.0,RITAVMQDGBJQJZ-FMIVXFBMSA-N,BRD-K29905972
Axitinib,P57058,1500.0,RITAVMQDGBJQJZ-FMIVXFBMSA-N,BRD-K29905972
Axitinib,P57059,2100.0,RITAVMQDGBJQJZ-FMIVXFBMSA-N,BRD-K29905972
Axitinib,P57078,1400.0,RITAVMQDGBJQJZ-FMIVXFBMSA-N,BRD-K29905972
Axitinib,P80192,3000.0,RITAVMQDGBJQJZ-FMIVXFBMSA-N,BRD-K29905972
Axitinib,Q00536,5300.0,RITAVMQDGBJQJZ-FMIVXFBMSA-N,BRD-K29905972
Axitinib,Q02750,2700.0,RITAVMQDGBJQJZ-FMIVXFBMSA-N,BRD-K29905972
Axitinib,Q02763,310.0,RITAVMQDGBJQJZ-FMIVXFBMSA-N,BRD-K29905972
Axitinib,Q07912,6000.0,RITAVMQDGBJQJZ-FMIVXFBMSA-N,BRD-K29905972
Axitinib,Q08345,340.0,RITAVMQDGBJQJZ-FMIVXFBMSA-N,BRD-K29905972
Axitinib,Q08881,1200.0,RITAVMQDGBJQJZ-FMIVXFBMSA-N,BRD-K29905972
Axitinib,Q12851,1300.0,RITAVMQDGBJQJZ-FMIVXFBMSA-N,BRD-K29905972
Axitinib,Q12852,1700.0,RITAVMQDGBJQJZ-FMIVXFBMSA-N,BRD-K29905972
Axitinib,Q12866,3200.0,RITAVMQDGBJQJZ-FMIVXFBMSA-N,BRD-K29905972
Axitinib,Q13043,1400.0,RITAVMQDGBJQJZ-FMIVXFBMSA-N,BRD-K29905972
Axitinib,Q13163,140.0,RITAVMQDGBJQJZ-FMIVXFBMSA-N,BRD-K29905972
Axitinib,Q13188,2200.0,RITAVMQDGBJQJZ-FMIVXFBMSA-N,BRD-K29905972
Axitinib,Q13470,160.0,RITAVMQDGBJQJZ-FMIVXFBMSA-N,BRD-K29905972
Axitinib,Q13546,2500.0,RITAVMQDGBJQJZ-FMIVXFBMSA-N,BRD-K29905972
Axitinib,Q13705,5200.0,RITAVMQDGBJQJZ-FMIVXFBMSA-N,BRD-K29905972
Axitinib,Q15569,4300.0,RITAVMQDGBJQJZ-FMIVXFBMSA-N,BRD-K29905972
Axitinib,Q16513,2700.0,RITAVMQDGBJQJZ-FMIVXFBMSA-N,BRD-K29905972
Axitinib,Q16832,5300.0,RITAVMQDGBJQJZ-FMIVXFBMSA-N,BRD-K29905972
Axitinib,Q2M2I8,1200.0,RITAVMQDGBJQJZ-FMIVXFBMSA-N,BRD-K29905972
Axitinib,Q32MK0,1700.0,RITAVMQDGBJQJZ-FMIVXFBMSA-N,BRD-K29905972
Axitinib,Q56UN5,270.0,RITAVMQDGBJQJZ-FMIVXFBMSA-N,BRD-K29905972
Axitinib,Q5S007,955.0,RITAVMQDGBJQJZ-FMIVXFBMSA-N,BRD-K29905972
Axitinib,Q6PHR2,670.0,RITAVMQDGBJQJZ-FMIVXFBMSA-N,BRD-K29905972
Axitinib,Q8IVH8,1200.0,RITAVMQDGBJQJZ-FMIVXFBMSA-N,BRD-K29905972
Axitinib,Q8IYT8,9900.0,RITAVMQDGBJQJZ-FMIVXFBMSA-N,BRD-K29905972
Axitinib,Q8N4C8,560.0,RITAVMQDGBJQJZ-FMIVXFBMSA-N,BRD-K29905972
Axitinib,Q8N5S9,1400.0,RITAVMQDGBJQJZ-FMIVXFBMSA-N,BRD-K29905972
Axitinib,Q8NEV4,1900.0,RITAVMQDGBJQJZ-FMIVXFBMSA-N,BRD-K29905972
Axitinib,Q8NFD2,3600.0,RITAVMQDGBJQJZ-FMIVXFBMSA-N,BRD-K29905972
Axitinib,Q92772,530.0,RITAVMQDGBJQJZ-FMIVXFBMSA-N,BRD-K29905972
Axitinib,Q92918,330.0,RITAVMQDGBJQJZ-FMIVXFBMSA-N,BRD-K29905972
Axitinib,Q96GD4,11.0,RITAVMQDGBJQJZ-FMIVXFBMSA-N,BRD-K29905972
Axitinib,Q96RR4,1500.0,RITAVMQDGBJQJZ-FMIVXFBMSA-N,BRD-K29905972
Axitinib,Q96SB4,1800.0,RITAVMQDGBJQJZ-FMIVXFBMSA-N,BRD-K29905972
Axitinib,Q99759,2800.0,RITAVMQDGBJQJZ-FMIVXFBMSA-N,BRD-K29905972
Axitinib,Q9BRS2,1200.0,RITAVMQDGBJQJZ-FMIVXFBMSA-N,BRD-K29905972
Axitinib,Q9H093,1300.0,RITAVMQDGBJQJZ-FMIVXFBMSA-N,BRD-K29905972
Axitinib,Q9H1R3,1300.0,RITAVMQDGBJQJZ-FMIVXFBMSA-N,BRD-K29905972
Axitinib,Q9H2G2,1000.0,RITAVMQDGBJQJZ-FMIVXFBMSA-N,BRD-K29905972
Axitinib,Q9NSY1,1000.0,RITAVMQDGBJQJZ-FMIVXFBMSA-N,BRD-K29905972
Axitinib,Q9NYL2,2600.0,RITAVMQDGBJQJZ-FMIVXFBMSA-N,BRD-K29905972
Axitinib,Q9UHD2,470.0,RITAVMQDGBJQJZ-FMIVXFBMSA-N,BRD-K29905972
Axitinib,Q9UKE5,180.0,RITAVMQDGBJQJZ-FMIVXFBMSA-N,BRD-K29905972
Axitinib,Q9UPE1,2300.0,RITAVMQDGBJQJZ-FMIVXFBMSA-N,BRD-K29905972
Axitinib,Q9UQB9,1.3,RITAVMQDGBJQJZ-FMIVXFBMSA-N,BRD-K29905972
Axitinib,Q9Y4K4,550.0,RITAVMQDGBJQJZ-FMIVXFBMSA-N,BRD-K29905972
Axitinib,Q9Y5S2,4800.0,RITAVMQDGBJQJZ-FMIVXFBMSA-N,BRD-K29905972
Axitinib,Q9Y6R4,5600.0,RITAVMQDGBJQJZ-FMIVXFBMSA-N,BRD-K29905972
Belinostat,O15379,24.125,NCNRHFGMJRPRSK-MDZDMXLPSA-N,BRD-K17743125
Belinostat,P56524,170.0,NCNRHFGMJRPRSK-MDZDMXLPSA-N,BRD-K17743125
Belinostat,Q13547,27.12142857485714,NCNRHFGMJRPRSK-MDZDMXLPSA-N,BRD-K17743125
Belinostat,Q8WUI4,64.33333333333333,NCNRHFGMJRPRSK-MDZDMXLPSA-N,BRD-K17743125
Belinostat,Q92769,49.28333334133333,NCNRHFGMJRPRSK-MDZDMXLPSA-N,BRD-K17743125
Belinostat,Q969S8,59.0,NCNRHFGMJRPRSK-MDZDMXLPSA-N,BRD-K17743125
Belinostat,Q96DB2,27.0,NCNRHFGMJRPRSK-MDZDMXLPSA-N,BRD-K17743125
Belinostat,Q9BY41,87.66666666666667,NCNRHFGMJRPRSK-MDZDMXLPSA-N,BRD-K17743125
Belinostat,Q9UBN7,27.150000006,NCNRHFGMJRPRSK-MDZDMXLPSA-N,BRD-K17743125
Belinostat,Q9UKV0,134.0,NCNRHFGMJRPRSK-MDZDMXLPSA-N,BRD-K17743125
Belinostat,Q9UQL6,100.0,NCNRHFGMJRPRSK-MDZDMXLPSA-N,BRD-K17743125
Bexarotene,P10276,1879.6666666666667,NAVMQTYZDKMPEU-UHFFFAOYSA-N,BRD-K92441787
Bexarotene,P10826,1895.0,NAVMQTYZDKMPEU-UHFFFAOYSA-N,BRD-K92441787
Bexarotene,P13631,1328.0,NAVMQTYZDKMPEU-UHFFFAOYSA-N,BRD-K92441787
Bexarotene,P19793,92.39655172413794,NAVMQTYZDKMPEU-UHFFFAOYSA-N,BRD-K92441787
Bexarotene,P28702,34.81666666666667,NAVMQTYZDKMPEU-UHFFFAOYSA-N,BRD-K92441787
Bexarotene,P48443,44.042857142857144,NAVMQTYZDKMPEU-UHFFFAOYSA-N,BRD-K92441787
Bicalutamide,P06401,1819.0,LKJPYSCBVHEWIU-UHFFFAOYSA-N,BRD-A29485665
Bicalutamide,P10275,569.3169491525423,LKJPYSCBVHEWIU-UHFFFAOYSA-N,BRD-A29485665
Bortezomib,P08246,2300.0,GXJABQQUPOEUTA-RDJZCZTQSA-N,BRD-K88510285
Bortezomib,P08311,1416.6666666666667,GXJABQQUPOEUTA-RDJZCZTQSA-N,BRD-K88510285
Bortezomib,P10619,9200.0,GXJABQQUPOEUTA-RDJZCZTQSA-N,BRD-K88510285
Bortezomib,P17538,320.0,GXJABQQUPOEUTA-RDJZCZTQSA-N,BRD-K88510285
Bortezomib,P20618,91.5,GXJABQQUPOEUTA-RDJZCZTQSA-N,BRD-K88510285
Bortezomib,P23946,1190.0,GXJABQQUPOEUTA-RDJZCZTQSA-N,BRD-K88510285
Bortezomib,P28062,43.05,GXJABQQUPOEUTA-RDJZCZTQSA-N,BRD-K88510285
Bortezomib,P28074,25.195,GXJABQQUPOEUTA-RDJZCZTQSA-N,BRD-K88510285
Bortezomib,P49721,1235.0,GXJABQQUPOEUTA-RDJZCZTQSA-N,BRD-K88510285
Bortezomib,Q99436,533.525,GXJABQQUPOEUTA-RDJZCZTQSA-N,BRD-K88510285
Bosutinib,O00506,900.0,UBPYILGKFZZVDX-UHFFFAOYSA-N,BRD-K99964838
Bosutinib,O14578,2400.0,UBPYILGKFZZVDX-UHFFFAOYSA-N,BRD-K99964838
Bosutinib,O14730,1600.0,UBPYILGKFZZVDX-UHFFFAOYSA-N,BRD-K99964838
Bosutinib,O14733,5300.0,UBPYILGKFZZVDX-UHFFFAOYSA-N,BRD-K99964838
Bosutinib,O14757,3000.0,UBPYILGKFZZVDX-UHFFFAOYSA-N,BRD-K99964838
Bosutinib,O14936,830.0,UBPYILGKFZZVDX-UHFFFAOYSA-N,BRD-K99964838
Bosutinib,O14976,1.3,UBPYILGKFZZVDX-UHFFFAOYSA-N,BRD-K99964838
Bosutinib,O15197,3000.0,UBPYILGKFZZVDX-UHFFFAOYSA-N,BRD-K99964838
Bosutinib,O43283,480.0,UBPYILGKFZZVDX-UHFFFAOYSA-N,BRD-K99964838
Bosutinib,O43318,100.0,UBPYILGKFZZVDX-UHFFFAOYSA-N,BRD-K99964838
Bosutinib,O43353,3700.0,UBPYILGKFZZVDX-UHFFFAOYSA-N,BRD-K99964838
Bosutinib,O60285,5900.0,UBPYILGKFZZVDX-UHFFFAOYSA-N,BRD-K99964838
Bosutinib,O60674,1100.0,UBPYILGKFZZVDX-UHFFFAOYSA-N,BRD-K99964838
Bosutinib,O75116,360.0,UBPYILGKFZZVDX-UHFFFAOYSA-N,BRD-K99964838
Bosutinib,O75385,1200.0,UBPYILGKFZZVDX-UHFFFAOYSA-N,BRD-K99964838
Bosutinib,O75914,5700.0,UBPYILGKFZZVDX-UHFFFAOYSA-N,BRD-K99964838
Bosutinib,O94804,37.0,UBPYILGKFZZVDX-UHFFFAOYSA-N,BRD-K99964838
Bosutinib,O94806,4600.0,UBPYILGKFZZVDX-UHFFFAOYSA-N,BRD-K99964838
Bosutinib,O94921,1400.0,UBPYILGKFZZVDX-UHFFFAOYSA-N,BRD-K99964838
Bosutinib,O95819,8.2,UBPYILGKFZZVDX-UHFFFAOYSA-N,BRD-K99964838
Bosutinib,O96017,120.0,UBPYILGKFZZVDX-UHFFFAOYSA-N,BRD-K99964838
Bosutinib,P00519,2.4233333333333333,UBPYILGKFZZVDX-UHFFFAOYSA-N,BRD-K99964838
Bosutinib,P00533,97.0,UBPYILGKFZZVDX-UHFFFAOYSA-N,BRD-K99964838
Bosutinib,P04626,2500.0,UBPYILGKFZZVDX-UHFFFAOYSA-N,BRD-K99964838
Bosutinib,P04629,1561.0,UBPYILGKFZZVDX-UHFFFAOYSA-N,BRD-K99964838
Bosutinib,P06239,0.9450000000000001,UBPYILGKFZZVDX-UHFFFAOYSA-N,BRD-K99964838
Bosutinib,P06241,106.149999988,UBPYILGKFZZVDX-UHFFFAOYSA-N,BRD-K99964838
Bosutinib,P07332,344.0,UBPYILGKFZZVDX-UHFFFAOYSA-N,BRD-K99964838
Bosutinib,P07333,380.0,UBPYILGKFZZVDX-UHFFFAOYSA-N,BRD-K99964838
Bosutinib,P07947,2.2,UBPYILGKFZZVDX-UHFFFAOYSA-N,BRD-K99964838
Bosutinib,P07948,7.05,UBPYILGKFZZVDX-UHFFFAOYSA-N,BRD-K99964838
Bosutinib,P07949,4266.666666666667,UBPYILGKFZZVDX-UHFFFAOYSA-N,BRD-K99964838
Bosutinib,P08581,4033.3333333333335,UBPYILGKFZZVDX-UHFFFAOYSA-N,BRD-K99964838
Bosutinib,P08631,3.3,UBPYILGKFZZVDX-UHFFFAOYSA-N,BRD-K99964838
Bosutinib,P09619,200.0,UBPYILGKFZZVDX-UHFFFAOYSA-N,BRD-K99964838
Bosutinib,P09769,3.7,UBPYILGKFZZVDX-UHFFFAOYSA-N,BRD-K99964838
Bosutinib,P0C1S8,94.0,UBPYILGKFZZVDX-UHFFFAOYSA-N,BRD-K99964838
Bosutinib,P10721,1042.0,UBPYILGKFZZVDX-UHFFFAOYSA-N,BRD-K99964838
Bosutinib,P12931,14.97391304347826,UBPYILGKFZZVDX-UHFFFAOYSA-N,BRD-K99964838
Bosutinib,P15735,1300.0,UBPYILGKFZZVDX-UHFFFAOYSA-N,BRD-K99964838
Bosutinib,P16234,5100.0,UBPYILGKFZZVDX-UHFFFAOYSA-N,BRD-K99964838
Bosutinib,P16591,425.0,UBPYILGKFZZVDX-UHFFFAOYSA-N,BRD-K99964838
Bosutinib,P21709,2300.0,UBPYILGKFZZVDX-UHFFFAOYSA-N,BRD-K99964838
Bosutinib,P21860,0.77,UBPYILGKFZZVDX-UHFFFAOYSA-N,BRD-K99964838
Bosutinib,P23443,660.0,UBPYILGKFZZVDX-UHFFFAOYSA-N,BRD-K99964838
Bosutinib,P29317,18.0,UBPYILGKFZZVDX-UHFFFAOYSA-N,BRD-K99964838
Bosutinib,P29320,5.8,UBPYILGKFZZVDX-UHFFFAOYSA-N,BRD-K99964838
Bosutinib,P29322,9.0,UBPYILGKFZZVDX-UHFFFAOYSA-N,BRD-K99964838
Bosutinib,P29323,8.45,UBPYILGKFZZVDX-UHFFFAOYSA-N,BRD-K99964838
Bosutinib,P29376,3000.0,UBPYILGKFZZVDX-UHFFFAOYSA-N,BRD-K99964838
Bosutinib,P29597,5500.0,UBPYILGKFZZVDX-UHFFFAOYSA-N,BRD-K99964838
Bosutinib,P30291,510.0,UBPYILGKFZZVDX-UHFFFAOYSA-N,BRD-K99964838
Bosutinib,P30530,113.0,UBPYILGKFZZVDX-UHFFFAOYSA-N,BRD-K99964838
Bosutinib,P32298,4900.0,UBPYILGKFZZVDX-UHFFFAOYSA-N,BRD-K99964838
Bosutinib,P35590,2900.0,UBPYILGKFZZVDX-UHFFFAOYSA-N,BRD-K99964838
Bosutinib,P36507,9.9,UBPYILGKFZZVDX-UHFFFAOYSA-N,BRD-K99964838
Bosutinib,P36888,2133.3333333333335,UBPYILGKFZZVDX-UHFFFAOYSA-N,BRD-K99964838
Bosutinib,P41240,47.5,UBPYILGKFZZVDX-UHFFFAOYSA-N,BRD-K99964838
Bosutinib,P42679,5800.0,UBPYILGKFZZVDX-UHFFFAOYSA-N,BRD-K99964838
Bosutinib,P42680,1741.0,UBPYILGKFZZVDX-UHFFFAOYSA-N,BRD-K99964838
Bosutinib,P42681,37.43333333733333,UBPYILGKFZZVDX-UHFFFAOYSA-N,BRD-K99964838
Bosutinib,P42684,1.0,UBPYILGKFZZVDX-UHFFFAOYSA-N,BRD-K99964838
Bosutinib,P42685,1.9333333493333333,UBPYILGKFZZVDX-UHFFFAOYSA-N,BRD-K99964838
Bosutinib,P43403,1600.0,UBPYILGKFZZVDX-UHFFFAOYSA-N,BRD-K99964838
Bosutinib,P43405,171.0,UBPYILGKFZZVDX-UHFFFAOYSA-N,BRD-K99964838
Bosutinib,P45985,2600.0,UBPYILGKFZZVDX-UHFFFAOYSA-N,BRD-K99964838
Bosutinib,P46734,2600.0,UBPYILGKFZZVDX-UHFFFAOYSA-N,BRD-K99964838
Bosutinib,P48729,280.0,UBPYILGKFZZVDX-UHFFFAOYSA-N,BRD-K99964838
Bosutinib,P48730,240.0,UBPYILGKFZZVDX-UHFFFAOYSA-N,BRD-K99964838
Bosutinib,P49674,110.0,UBPYILGKFZZVDX-UHFFFAOYSA-N,BRD-K99964838
Bosutinib,P49759,600.0,UBPYILGKFZZVDX-UHFFFAOYSA-N,BRD-K99964838
Bosutinib,P49760,1700.0,UBPYILGKFZZVDX-UHFFFAOYSA-N,BRD-K99964838
Bosutinib,P49761,300.0,UBPYILGKFZZVDX-UHFFFAOYSA-N,BRD-K99964838
Bosutinib,P50613,1200.0,UBPYILGKFZZVDX-UHFFFAOYSA-N,BRD-K99964838
Bosutinib,P51451,3.3,UBPYILGKFZZVDX-UHFFFAOYSA-N,BRD-K99964838
Bosutinib,P51617,600.0,UBPYILGKFZZVDX-UHFFFAOYSA-N,BRD-K99964838
Bosutinib,P51812,1200.0,UBPYILGKFZZVDX-UHFFFAOYSA-N,BRD-K99964838
Bosutinib,P51813,103.95,UBPYILGKFZZVDX-UHFFFAOYSA-N,BRD-K99964838
Bosutinib,P51955,1600.0,UBPYILGKFZZVDX-UHFFFAOYSA-N,BRD-K99964838
Bosutinib,P52333,1200.0,UBPYILGKFZZVDX-UHFFFAOYSA-N,BRD-K99964838
Bosutinib,P52564,1300.0,UBPYILGKFZZVDX-UHFFFAOYSA-N,BRD-K99964838
Bosutinib,P53350,1800.0,UBPYILGKFZZVDX-UHFFFAOYSA-N,BRD-K99964838
Bosutinib,P54753,210.0,UBPYILGKFZZVDX-UHFFFAOYSA-N,BRD-K99964838
Bosutinib,P54756,27.0,UBPYILGKFZZVDX-UHFFFAOYSA-N,BRD-K99964838
Bosutinib,P54760,7.35,UBPYILGKFZZVDX-UHFFFAOYSA-N,BRD-K99964838
Bosutinib,P54762,33.0,UBPYILGKFZZVDX-UHFFFAOYSA-N,BRD-K99964838
Bosutinib,P54764,18.0,UBPYILGKFZZVDX-UHFFFAOYSA-N,BRD-K99964838
Bosutinib,P57058,5000.0,UBPYILGKFZZVDX-UHFFFAOYSA-N,BRD-K99964838
Bosutinib,P57059,30.0,UBPYILGKFZZVDX-UHFFFAOYSA-N,BRD-K99964838
Bosutinib,P80192,2700.0,UBPYILGKFZZVDX-UHFFFAOYSA-N,BRD-K99964838
Bosutinib,Q00536,2400.0,UBPYILGKFZZVDX-UHFFFAOYSA-N,BRD-K99964838
Bosutinib,Q02156,2400.0,UBPYILGKFZZVDX-UHFFFAOYSA-N,BRD-K99964838
Bosutinib,Q02750,19.0,UBPYILGKFZZVDX-UHFFFAOYSA-N,BRD-K99964838
Bosutinib,Q02763,2545.5,UBPYILGKFZZVDX-UHFFFAOYSA-N,BRD-K99964838
Bosutinib,Q04759,910.0,UBPYILGKFZZVDX-UHFFFAOYSA-N,BRD-K99964838
Bosutinib,Q04912,6300.0,UBPYILGKFZZVDX-UHFFFAOYSA-N,BRD-K99964838
Bosutinib,Q05397,554.0,UBPYILGKFZZVDX-UHFFFAOYSA-N,BRD-K99964838
Bosutinib,Q05655,1600.0,UBPYILGKFZZVDX-UHFFFAOYSA-N,BRD-K99964838
Bosutinib,Q06187,3.65,UBPYILGKFZZVDX-UHFFFAOYSA-N,BRD-K99964838
Bosutinib,Q06418,61.0,UBPYILGKFZZVDX-UHFFFAOYSA-N,BRD-K99964838
Bosutinib,Q07912,9.275000012,UBPYILGKFZZVDX-UHFFFAOYSA-N,BRD-K99964838
Bosutinib,Q08345,120.0,UBPYILGKFZZVDX-UHFFFAOYSA-N,BRD-K99964838
Bosutinib,Q08881,1700.0,UBPYILGKFZZVDX-UHFFFAOYSA-N,BRD-K99964838
Bosutinib,Q09013,91.0,UBPYILGKFZZVDX-UHFFFAOYSA-N,BRD-K99964838
Bosutinib,Q12851,6.5,UBPYILGKFZZVDX-UHFFFAOYSA-N,BRD-K99964838
Bosutinib,Q12852,670.0,UBPYILGKFZZVDX-UHFFFAOYSA-N,BRD-K99964838
Bosutinib,Q12866,110.0,UBPYILGKFZZVDX-UHFFFAOYSA-N,BRD-K99964838
Bosutinib,Q13043,190.66666666666666,UBPYILGKFZZVDX-UHFFFAOYSA-N,BRD-K99964838
Bosutinib,Q13131,3900.0,UBPYILGKFZZVDX-UHFFFAOYSA-N,BRD-K99964838
Bosutinib,Q13153,2300.0,UBPYILGKFZZVDX-UHFFFAOYSA-N,BRD-K99964838
Bosutinib,Q13163,8.2,UBPYILGKFZZVDX-UHFFFAOYSA-N,BRD-K99964838
Bosutinib,Q13164,2300.0,UBPYILGKFZZVDX-UHFFFAOYSA-N,BRD-K99964838
Bosutinib,Q13177,1900.0,UBPYILGKFZZVDX-UHFFFAOYSA-N,BRD-K99964838
Bosutinib,Q13188,370.0,UBPYILGKFZZVDX-UHFFFAOYSA-N,BRD-K99964838
Bosutinib,Q13233,4400.0,UBPYILGKFZZVDX-UHFFFAOYSA-N,BRD-K99964838
Bosutinib,Q13464,870.0,UBPYILGKFZZVDX-UHFFFAOYSA-N,BRD-K99964838
Bosutinib,Q13555,1322.6666666666667,UBPYILGKFZZVDX-UHFFFAOYSA-N,BRD-K99964838
Bosutinib,Q13873,580.0,UBPYILGKFZZVDX-UHFFFAOYSA-N,BRD-K99964838
Bosutinib,Q14164,53.0,UBPYILGKFZZVDX-UHFFFAOYSA-N,BRD-K99964838
Bosutinib,Q14289,262.0,UBPYILGKFZZVDX-UHFFFAOYSA-N,BRD-K99964838
Bosutinib,Q15303,26.0,UBPYILGKFZZVDX-UHFFFAOYSA-N,BRD-K99964838
Bosutinib,Q15349,3200.0,UBPYILGKFZZVDX-UHFFFAOYSA-N,BRD-K99964838
Bosutinib,Q15746,490.0,UBPYILGKFZZVDX-UHFFFAOYSA-N,BRD-K99964838
Bosutinib,Q16288,3400.0,UBPYILGKFZZVDX-UHFFFAOYSA-N,BRD-K99964838
Bosutinib,Q16512,2900.0,UBPYILGKFZZVDX-UHFFFAOYSA-N,BRD-K99964838
Bosutinib,Q16513,3200.0,UBPYILGKFZZVDX-UHFFFAOYSA-N,BRD-K99964838
Bosutinib,Q16584,2700.0,UBPYILGKFZZVDX-UHFFFAOYSA-N,BRD-K99964838
Bosutinib,Q16620,613.5,UBPYILGKFZZVDX-UHFFFAOYSA-N,BRD-K99964838
Bosutinib,Q16816,340.0,UBPYILGKFZZVDX-UHFFFAOYSA-N,BRD-K99964838
Bosutinib,Q16832,140.0,UBPYILGKFZZVDX-UHFFFAOYSA-N,BRD-K99964838
Bosutinib,Q2M2I8,2300.0,UBPYILGKFZZVDX-UHFFFAOYSA-N,BRD-K99964838
Bosutinib,Q56UN5,16.0,UBPYILGKFZZVDX-UHFFFAOYSA-N,BRD-K99964838
Bosutinib,Q59H18,170.0,UBPYILGKFZZVDX-UHFFFAOYSA-N,BRD-K99964838
Bosutinib,Q5S007,665.0,UBPYILGKFZZVDX-UHFFFAOYSA-N,BRD-K99964838
Bosutinib,Q6PHR2,460.0,UBPYILGKFZZVDX-UHFFFAOYSA-N,BRD-K99964838
Bosutinib,Q6XUX3,380.0,UBPYILGKFZZVDX-UHFFFAOYSA-N,BRD-K99964838
Bosutinib,Q7L7X3,1300.0,UBPYILGKFZZVDX-UHFFFAOYSA-N,BRD-K99964838
Bosutinib,Q86UE8,2100.0,UBPYILGKFZZVDX-UHFFFAOYSA-N,BRD-K99964838
Bosutinib,Q86Y07,710.0,UBPYILGKFZZVDX-UHFFFAOYSA-N,BRD-K99964838
Bosutinib,Q86Z02,520.0,UBPYILGKFZZVDX-UHFFFAOYSA-N,BRD-K99964838
Bosutinib,Q8IU85,244.66666666666666,UBPYILGKFZZVDX-UHFFFAOYSA-N,BRD-K99964838
Bosutinib,Q8IVH8,5.1,UBPYILGKFZZVDX-UHFFFAOYSA-N,BRD-K99964838
Bosutinib,Q8IY84,1500.0,UBPYILGKFZZVDX-UHFFFAOYSA-N,BRD-K99964838
Bosutinib,Q8IYT8,450.0,UBPYILGKFZZVDX-UHFFFAOYSA-N,BRD-K99964838
Bosutinib,Q8N4C8,12.6,UBPYILGKFZZVDX-UHFFFAOYSA-N,BRD-K99964838
Bosutinib,Q8N752,2600.0,UBPYILGKFZZVDX-UHFFFAOYSA-N,BRD-K99964838
Bosutinib,Q8NE63,130.0,UBPYILGKFZZVDX-UHFFFAOYSA-N,BRD-K99964838
Bosutinib,Q8NEV4,6200.0,UBPYILGKFZZVDX-UHFFFAOYSA-N,BRD-K99964838
Bosutinib,Q8NFD2,2100.0,UBPYILGKFZZVDX-UHFFFAOYSA-N,BRD-K99964838
Bosutinib,Q8NG66,650.0,UBPYILGKFZZVDX-UHFFFAOYSA-N,BRD-K99964838
Bosutinib,Q8TDR2,2.0,UBPYILGKFZZVDX-UHFFFAOYSA-N,BRD-K99964838
Bosutinib,Q8WTQ7,1700.0,UBPYILGKFZZVDX-UHFFFAOYSA-N,BRD-K99964838
Bosutinib,Q8WU08,1800.0,UBPYILGKFZZVDX-UHFFFAOYSA-N,BRD-K99964838
Bosutinib,Q8WXR4,2300.0,UBPYILGKFZZVDX-UHFFFAOYSA-N,BRD-K99964838
Bosutinib,Q92918,15.0,UBPYILGKFZZVDX-UHFFFAOYSA-N,BRD-K99964838
Bosutinib,Q96Q40,1600.0,UBPYILGKFZZVDX-UHFFFAOYSA-N,BRD-K99964838
Bosutinib,Q96RR4,780.0,UBPYILGKFZZVDX-UHFFFAOYSA-N,BRD-K99964838
Bosutinib,Q99640,350.0,UBPYILGKFZZVDX-UHFFFAOYSA-N,BRD-K99964838
Bosutinib,Q99755,3300.0,UBPYILGKFZZVDX-UHFFFAOYSA-N,BRD-K99964838
Bosutinib,Q99759,54.0,UBPYILGKFZZVDX-UHFFFAOYSA-N,BRD-K99964838
Bosutinib,Q9BQI3,630.0,UBPYILGKFZZVDX-UHFFFAOYSA-N,BRD-K99964838
Bosutinib,Q9BRS2,2200.0,UBPYILGKFZZVDX-UHFFFAOYSA-N,BRD-K99964838
Bosutinib,Q9BXA7,4600.0,UBPYILGKFZZVDX-UHFFFAOYSA-N,BRD-K99964838
Bosutinib,Q9BYT3,37.0,UBPYILGKFZZVDX-UHFFFAOYSA-N,BRD-K99964838
Bosutinib,Q9C098,5400.0,UBPYILGKFZZVDX-UHFFFAOYSA-N,BRD-K99964838
Bosutinib,Q9H093,220.0,UBPYILGKFZZVDX-UHFFFAOYSA-N,BRD-K99964838
Bosutinib,Q9H0K1,29.0,UBPYILGKFZZVDX-UHFFFAOYSA-N,BRD-K99964838
Bosutinib,Q9H2G2,4.7,UBPYILGKFZZVDX-UHFFFAOYSA-N,BRD-K99964838
Bosutinib,Q9H2K8,340.0,UBPYILGKFZZVDX-UHFFFAOYSA-N,BRD-K99964838
Bosutinib,Q9H2X6,1900.0,UBPYILGKFZZVDX-UHFFFAOYSA-N,BRD-K99964838
Bosutinib,Q9H3Y6,100.0,UBPYILGKFZZVDX-UHFFFAOYSA-N,BRD-K99964838
Bosutinib,Q9H422,3200.0,UBPYILGKFZZVDX-UHFFFAOYSA-N,BRD-K99964838
Bosutinib,Q9HAZ1,3200.0,UBPYILGKFZZVDX-UHFFFAOYSA-N,BRD-K99964838
Bosutinib,Q9NRP7,570.0,UBPYILGKFZZVDX-UHFFFAOYSA-N,BRD-K99964838
Bosutinib,Q9NSY1,350.0,UBPYILGKFZZVDX-UHFFFAOYSA-N,BRD-K99964838
Bosutinib,Q9NWZ3,467.0,UBPYILGKFZZVDX-UHFFFAOYSA-N,BRD-K99964838
Bosutinib,Q9NYL2,80.0,UBPYILGKFZZVDX-UHFFFAOYSA-N,BRD-K99964838
Bosutinib,Q9NYY3,960.0,UBPYILGKFZZVDX-UHFFFAOYSA-N,BRD-K99964838
Bosutinib,Q9P289,37.0,UBPYILGKFZZVDX-UHFFFAOYSA-N,BRD-K99964838
Bosutinib,Q9P2K8,270.0,UBPYILGKFZZVDX-UHFFFAOYSA-N,BRD-K99964838
Bosutinib,Q9UBE8,2200.0,UBPYILGKFZZVDX-UHFFFAOYSA-N,BRD-K99964838
Bosutinib,Q9UEW8,3700.0,UBPYILGKFZZVDX-UHFFFAOYSA-N,BRD-K99964838
Bosutinib,Q9UF33,1100.0,UBPYILGKFZZVDX-UHFFFAOYSA-N,BRD-K99964838
Bosutinib,Q9UHD2,463.6666666666667,UBPYILGKFZZVDX-UHFFFAOYSA-N,BRD-K99964838
Bosutinib,Q9UK32,2700.0,UBPYILGKFZZVDX-UHFFFAOYSA-N,BRD-K99964838
Bosutinib,Q9UKE5,31.0,UBPYILGKFZZVDX-UHFFFAOYSA-N,BRD-K99964838
Bosutinib,Q9UKI8,570.0,UBPYILGKFZZVDX-UHFFFAOYSA-N,BRD-K99964838
Bosutinib,Q9UL54,1900.0,UBPYILGKFZZVDX-UHFFFAOYSA-N,BRD-K99964838
Bosutinib,Q9UM73,235.66666666666666,UBPYILGKFZZVDX-UHFFFAOYSA-N,BRD-K99964838
Bosutinib,Q9UPE1,3900.0,UBPYILGKFZZVDX-UHFFFAOYSA-N,BRD-K99964838
Bosutinib,Q9UQM7,4500.0,UBPYILGKFZZVDX-UHFFFAOYSA-N,BRD-K99964838
Bosutinib,Q9Y2H9,350.0,UBPYILGKFZZVDX-UHFFFAOYSA-N,BRD-K99964838
Bosutinib,Q9Y2K2,64.0,UBPYILGKFZZVDX-UHFFFAOYSA-N,BRD-K99964838
Bosutinib,Q9Y2U5,30.0,UBPYILGKFZZVDX-UHFFFAOYSA-N,BRD-K99964838
Bosutinib,Q9Y4K4,0.36666667066666664,UBPYILGKFZZVDX-UHFFFAOYSA-N,BRD-K99964838
Bosutinib,Q9Y6E0,129.26666669833332,UBPYILGKFZZVDX-UHFFFAOYSA-N,BRD-K99964838
Bosutinib,Q9Y6R4,110.0,UBPYILGKFZZVDX-UHFFFAOYSA-N,BRD-K99964838
Carfilzomib,P28062,14.0,BLMPQMFVWMYDKT-NZTKNTHTSA-N,BRD-K15179879
Carfilzomib,P28074,7.1499999045,BLMPQMFVWMYDKT-NZTKNTHTSA-N,BRD-K15179879
Carfilzomib,Q99436,8.6,BLMPQMFVWMYDKT-NZTKNTHTSA-N,BRD-K15179879
Carmustine,P00390,8100.0,DLGOEMSEDOSKAD-UHFFFAOYSA-N,BRD-K36234266
Ceritinib,O60674,1385.0,VERWOWGGCGHDQE-UHFFFAOYSA-N,BRD-K22149900
Ceritinib,O75116,1270.0,VERWOWGGCGHDQE-UHFFFAOYSA-N,BRD-K22149900
Ceritinib,P00519,1250.0,VERWOWGGCGHDQE-UHFFFAOYSA-N,BRD-K22149900
Ceritinib,P04629,2727.0,VERWOWGGCGHDQE-UHFFFAOYSA-N,BRD-K22149900
Ceritinib,P06213,111.33333333333333,VERWOWGGCGHDQE-UHFFFAOYSA-N,BRD-K22149900
Ceritinib,P07949,1352.0,VERWOWGGCGHDQE-UHFFFAOYSA-N,BRD-K22149900
Ceritinib,P08069,142.0,VERWOWGGCGHDQE-UHFFFAOYSA-N,BRD-K22149900
Ceritinib,P08581,2254.5,VERWOWGGCGHDQE-UHFFFAOYSA-N,BRD-K22149900
Ceritinib,P08922,142.0,VERWOWGGCGHDQE-UHFFFAOYSA-N,BRD-K22149900
Ceritinib,P16234,1140.0,VERWOWGGCGHDQE-UHFFFAOYSA-N,BRD-K22149900
Ceritinib,P23458,3730.0,VERWOWGGCGHDQE-UHFFFAOYSA-N,BRD-K22149900
Ceritinib,P36888,1087.6666666666667,VERWOWGGCGHDQE-UHFFFAOYSA-N,BRD-K22149900
Ceritinib,P41212,3250.0,VERWOWGGCGHDQE-UHFFFAOYSA-N,BRD-K22149900
Ceritinib,P43403,9700.0,VERWOWGGCGHDQE-UHFFFAOYSA-N,BRD-K22149900
Ceritinib,P43405,3050.0,VERWOWGGCGHDQE-UHFFFAOYSA-N,BRD-K22149900
Ceritinib,P52333,7920.0,VERWOWGGCGHDQE-UHFFFAOYSA-N,BRD-K22149900
Ceritinib,Q06187,3360.0,VERWOWGGCGHDQE-UHFFFAOYSA-N,BRD-K22149900
Ceritinib,Q16620,1829.0,VERWOWGGCGHDQE-UHFFFAOYSA-N,BRD-K22149900
Ceritinib,Q9BXA7,23.0,VERWOWGGCGHDQE-UHFFFAOYSA-N,BRD-K22149900
Ceritinib,Q9HBH9,2240.0,VERWOWGGCGHDQE-UHFFFAOYSA-N,BRD-K22149900
Ceritinib,Q9UM73,14.275000000375,VERWOWGGCGHDQE-UHFFFAOYSA-N,BRD-K22149900
Clofarabine,P23921,5.0,WDDPHFBMKLOVOX-AYQXTPAHSA-N,BRD-K34022604
Clofarabine,P31350,5.0,WDDPHFBMKLOVOX-AYQXTPAHSA-N,BRD-K34022604
Crizotinib,O00238,230.0,KTEIFNKAUNYNJU-GFCCVEGCSA-N,BRD-K78431006
Crizotinib,O00444,60.0,KTEIFNKAUNYNJU-GFCCVEGCSA-N,BRD-K78431006
Crizotinib,O14730,4000.0,KTEIFNKAUNYNJU-GFCCVEGCSA-N,BRD-K78431006
Crizotinib,O14920,5500.0,KTEIFNKAUNYNJU-GFCCVEGCSA-N,BRD-K78431006
Crizotinib,O14936,140.0,KTEIFNKAUNYNJU-GFCCVEGCSA-N,BRD-K78431006
Crizotinib,O14965,260.0,KTEIFNKAUNYNJU-GFCCVEGCSA-N,BRD-K78431006
Crizotinib,O15075,330.0,KTEIFNKAUNYNJU-GFCCVEGCSA-N,BRD-K78431006
Crizotinib,O15146,230.0,KTEIFNKAUNYNJU-GFCCVEGCSA-N,BRD-K78431006
Crizotinib,O15197,6.0,KTEIFNKAUNYNJU-GFCCVEGCSA-N,BRD-K78431006
Crizotinib,O43283,230.0,KTEIFNKAUNYNJU-GFCCVEGCSA-N,BRD-K78431006
Crizotinib,O43318,1800.0,KTEIFNKAUNYNJU-GFCCVEGCSA-N,BRD-K78431006
Crizotinib,O43353,900.0,KTEIFNKAUNYNJU-GFCCVEGCSA-N,BRD-K78431006
Crizotinib,O60674,290.0,KTEIFNKAUNYNJU-GFCCVEGCSA-N,BRD-K78431006
Crizotinib,O75116,3300.0,KTEIFNKAUNYNJU-GFCCVEGCSA-N,BRD-K78431006
Crizotinib,O75385,1000.0,KTEIFNKAUNYNJU-GFCCVEGCSA-N,BRD-K78431006
Crizotinib,O94804,44.0,KTEIFNKAUNYNJU-GFCCVEGCSA-N,BRD-K78431006
Crizotinib,O94806,510.0,KTEIFNKAUNYNJU-GFCCVEGCSA-N,BRD-K78431006
Crizotinib,P00519,538.2941176470588,KTEIFNKAUNYNJU-GFCCVEGCSA-N,BRD-K78431006
Crizotinib,P00533,2700.0,KTEIFNKAUNYNJU-GFCCVEGCSA-N,BRD-K78431006
Crizotinib,P04629,337.5,KTEIFNKAUNYNJU-GFCCVEGCSA-N,BRD-K78431006
Crizotinib,P06213,1124.4,KTEIFNKAUNYNJU-GFCCVEGCSA-N,BRD-K78431006
Crizotinib,P06239,1837.3333333333333,KTEIFNKAUNYNJU-GFCCVEGCSA-N,BRD-K78431006
Crizotinib,P06241,1300.0,KTEIFNKAUNYNJU-GFCCVEGCSA-N,BRD-K78431006
Crizotinib,P07332,450.0,KTEIFNKAUNYNJU-GFCCVEGCSA-N,BRD-K78431006
Crizotinib,P07333,210.0,KTEIFNKAUNYNJU-GFCCVEGCSA-N,BRD-K78431006
Crizotinib,P07947,770.0,KTEIFNKAUNYNJU-GFCCVEGCSA-N,BRD-K78431006
Crizotinib,P07948,940.0,KTEIFNKAUNYNJU-GFCCVEGCSA-N,BRD-K78431006
Crizotinib,P07949,1700.0,KTEIFNKAUNYNJU-GFCCVEGCSA-N,BRD-K78431006
Crizotinib,P08069,780.0,KTEIFNKAUNYNJU-GFCCVEGCSA-N,BRD-K78431006
Crizotinib,P08581,6.662380950999999,KTEIFNKAUNYNJU-GFCCVEGCSA-N,BRD-K78431006
Crizotinib,P08922,65.95,KTEIFNKAUNYNJU-GFCCVEGCSA-N,BRD-K78431006
Crizotinib,P09769,670.0,KTEIFNKAUNYNJU-GFCCVEGCSA-N,BRD-K78431006
Crizotinib,P0C264,240.0,KTEIFNKAUNYNJU-GFCCVEGCSA-N,BRD-K78431006
Crizotinib,P10721,2250.0,KTEIFNKAUNYNJU-GFCCVEGCSA-N,BRD-K78431006
Crizotinib,P12931,560.0,KTEIFNKAUNYNJU-GFCCVEGCSA-N,BRD-K78431006
Crizotinib,P14616,600.0,KTEIFNKAUNYNJU-GFCCVEGCSA-N,BRD-K78431006
Crizotinib,P16591,270.0,KTEIFNKAUNYNJU-GFCCVEGCSA-N,BRD-K78431006
Crizotinib,P17948,2300.0,KTEIFNKAUNYNJU-GFCCVEGCSA-N,BRD-K78431006
Crizotinib,P19525,1100.0,KTEIFNKAUNYNJU-GFCCVEGCSA-N,BRD-K78431006
Crizotinib,P21127,760.0,KTEIFNKAUNYNJU-GFCCVEGCSA-N,BRD-K78431006
Crizotinib,P21709,140.0,KTEIFNKAUNYNJU-GFCCVEGCSA-N,BRD-K78431006
Crizotinib,P22607,3100.0,KTEIFNKAUNYNJU-GFCCVEGCSA-N,BRD-K78431006
Crizotinib,P23443,640.0,KTEIFNKAUNYNJU-GFCCVEGCSA-N,BRD-K78431006
Crizotinib,P23458,330.0,KTEIFNKAUNYNJU-GFCCVEGCSA-N,BRD-K78431006
Crizotinib,P29317,100.0,KTEIFNKAUNYNJU-GFCCVEGCSA-N,BRD-K78431006
Crizotinib,P29320,700.0,KTEIFNKAUNYNJU-GFCCVEGCSA-N,BRD-K78431006
Crizotinib,P29322,280.0,KTEIFNKAUNYNJU-GFCCVEGCSA-N,BRD-K78431006
Crizotinib,P29376,12.0,KTEIFNKAUNYNJU-GFCCVEGCSA-N,BRD-K78431006
Crizotinib,P29597,1105.0,KTEIFNKAUNYNJU-GFCCVEGCSA-N,BRD-K78431006
Crizotinib,P30530,223.95,KTEIFNKAUNYNJU-GFCCVEGCSA-N,BRD-K78431006
Crizotinib,P32298,4200.0,KTEIFNKAUNYNJU-GFCCVEGCSA-N,BRD-K78431006
Crizotinib,P35590,110.0,KTEIFNKAUNYNJU-GFCCVEGCSA-N,BRD-K78431006
Crizotinib,P36888,1007.1428571428571,KTEIFNKAUNYNJU-GFCCVEGCSA-N,BRD-K78431006
Crizotinib,P36896,860.0,KTEIFNKAUNYNJU-GFCCVEGCSA-N,BRD-K78431006
Crizotinib,P36897,1000.0,KTEIFNKAUNYNJU-GFCCVEGCSA-N,BRD-K78431006
Crizotinib,P42681,850.0,KTEIFNKAUNYNJU-GFCCVEGCSA-N,BRD-K78431006
Crizotinib,P42684,460.0,KTEIFNKAUNYNJU-GFCCVEGCSA-N,BRD-K78431006
Crizotinib,P42685,2900.0,KTEIFNKAUNYNJU-GFCCVEGCSA-N,BRD-K78431006
Crizotinib,P43403,4200.0,KTEIFNKAUNYNJU-GFCCVEGCSA-N,BRD-K78431006
Crizotinib,P43405,2500.0,KTEIFNKAUNYNJU-GFCCVEGCSA-N,BRD-K78431006
Crizotinib,P46734,3300.0,KTEIFNKAUNYNJU-GFCCVEGCSA-N,BRD-K78431006
Crizotinib,P50613,330.0,KTEIFNKAUNYNJU-GFCCVEGCSA-N,BRD-K78431006
Crizotinib,P51451,110.0,KTEIFNKAUNYNJU-GFCCVEGCSA-N,BRD-K78431006
Crizotinib,P51617,49.0,KTEIFNKAUNYNJU-GFCCVEGCSA-N,BRD-K78431006
Crizotinib,P51813,3600.0,KTEIFNKAUNYNJU-GFCCVEGCSA-N,BRD-K78431006
Crizotinib,P52333,200.0,KTEIFNKAUNYNJU-GFCCVEGCSA-N,BRD-K78431006
Crizotinib,P53667,830.0,KTEIFNKAUNYNJU-GFCCVEGCSA-N,BRD-K78431006
Crizotinib,P53671,690.0,KTEIFNKAUNYNJU-GFCCVEGCSA-N,BRD-K78431006
Crizotinib,P54756,1000.0,KTEIFNKAUNYNJU-GFCCVEGCSA-N,BRD-K78431006
Crizotinib,P54760,570.0,KTEIFNKAUNYNJU-GFCCVEGCSA-N,BRD-K78431006
Crizotinib,P54762,120.0,KTEIFNKAUNYNJU-GFCCVEGCSA-N,BRD-K78431006
Crizotinib,P54764,360.0,KTEIFNKAUNYNJU-GFCCVEGCSA-N,BRD-K78431006
Crizotinib,P57078,2100.0,KTEIFNKAUNYNJU-GFCCVEGCSA-N,BRD-K78431006
Crizotinib,Q02763,241.0,KTEIFNKAUNYNJU-GFCCVEGCSA-N,BRD-K78431006
Crizotinib,Q04771,440.0,KTEIFNKAUNYNJU-GFCCVEGCSA-N,BRD-K78431006
Crizotinib,Q04912,162.5,KTEIFNKAUNYNJU-GFCCVEGCSA-N,BRD-K78431006
Crizotinib,Q05397,310.0,KTEIFNKAUNYNJU-GFCCVEGCSA-N,BRD-K78431006
Crizotinib,Q06187,7800.0,KTEIFNKAUNYNJU-GFCCVEGCSA-N,BRD-K78431006
Crizotinib,Q06418,800.0,KTEIFNKAUNYNJU-GFCCVEGCSA-N,BRD-K78431006
Crizotinib,Q07912,760.0,KTEIFNKAUNYNJU-GFCCVEGCSA-N,BRD-K78431006
Crizotinib,Q08345,510.0,KTEIFNKAUNYNJU-GFCCVEGCSA-N,BRD-K78431006
Crizotinib,Q08881,2000.0,KTEIFNKAUNYNJU-GFCCVEGCSA-N,BRD-K78431006
Crizotinib,Q09013,1400.0,KTEIFNKAUNYNJU-GFCCVEGCSA-N,BRD-K78431006
Crizotinib,Q12851,80.0,KTEIFNKAUNYNJU-GFCCVEGCSA-N,BRD-K78431006
Crizotinib,Q12852,170.0,KTEIFNKAUNYNJU-GFCCVEGCSA-N,BRD-K78431006
Crizotinib,Q12866,3.6,KTEIFNKAUNYNJU-GFCCVEGCSA-N,BRD-K78431006
Crizotinib,Q13043,580.0,KTEIFNKAUNYNJU-GFCCVEGCSA-N,BRD-K78431006
Crizotinib,Q13131,2400.0,KTEIFNKAUNYNJU-GFCCVEGCSA-N,BRD-K78431006
Crizotinib,Q13164,510.0,KTEIFNKAUNYNJU-GFCCVEGCSA-N,BRD-K78431006
Crizotinib,Q13188,990.0,KTEIFNKAUNYNJU-GFCCVEGCSA-N,BRD-K78431006
Crizotinib,Q13233,1100.0,KTEIFNKAUNYNJU-GFCCVEGCSA-N,BRD-K78431006
Crizotinib,Q13464,3700.0,KTEIFNKAUNYNJU-GFCCVEGCSA-N,BRD-K78431006
Crizotinib,Q13470,320.0,KTEIFNKAUNYNJU-GFCCVEGCSA-N,BRD-K78431006
Crizotinib,Q13546,1600.0,KTEIFNKAUNYNJU-GFCCVEGCSA-N,BRD-K78431006
Crizotinib,Q14164,710.0,KTEIFNKAUNYNJU-GFCCVEGCSA-N,BRD-K78431006
Crizotinib,Q14289,190.0,KTEIFNKAUNYNJU-GFCCVEGCSA-N,BRD-K78431006
Crizotinib,Q15139,990.0,KTEIFNKAUNYNJU-GFCCVEGCSA-N,BRD-K78431006
Crizotinib,Q15569,380.0,KTEIFNKAUNYNJU-GFCCVEGCSA-N,BRD-K78431006
Crizotinib,Q16288,82.0,KTEIFNKAUNYNJU-GFCCVEGCSA-N,BRD-K78431006
Crizotinib,Q16620,146.0,KTEIFNKAUNYNJU-GFCCVEGCSA-N,BRD-K78431006
Crizotinib,Q2M2I8,2300.0,KTEIFNKAUNYNJU-GFCCVEGCSA-N,BRD-K78431006
Crizotinib,Q52WX2,1300.0,KTEIFNKAUNYNJU-GFCCVEGCSA-N,BRD-K78431006
Crizotinib,Q56UN5,980.0,KTEIFNKAUNYNJU-GFCCVEGCSA-N,BRD-K78431006
Crizotinib,Q59H18,110.0,KTEIFNKAUNYNJU-GFCCVEGCSA-N,BRD-K78431006
Crizotinib,Q6PHR2,6700.0,KTEIFNKAUNYNJU-GFCCVEGCSA-N,BRD-K78431006
Crizotinib,Q6XUX3,450.0,KTEIFNKAUNYNJU-GFCCVEGCSA-N,BRD-K78431006
Crizotinib,Q6ZN16,2800.0,KTEIFNKAUNYNJU-GFCCVEGCSA-N,BRD-K78431006
Crizotinib,Q7L7X3,1200.0,KTEIFNKAUNYNJU-GFCCVEGCSA-N,BRD-K78431006
Crizotinib,Q8IVH8,75.0,KTEIFNKAUNYNJU-GFCCVEGCSA-N,BRD-K78431006
Crizotinib,Q8IY84,4600.0,KTEIFNKAUNYNJU-GFCCVEGCSA-N,BRD-K78431006
Crizotinib,Q8IYT8,1600.0,KTEIFNKAUNYNJU-GFCCVEGCSA-N,BRD-K78431006
Crizotinib,Q8N4C8,4400.0,KTEIFNKAUNYNJU-GFCCVEGCSA-N,BRD-K78431006
Crizotinib,Q8N568,370.0,KTEIFNKAUNYNJU-GFCCVEGCSA-N,BRD-K78431006
Crizotinib,Q8NE63,3600.0,KTEIFNKAUNYNJU-GFCCVEGCSA-N,BRD-K78431006
Crizotinib,Q8NFD2,780.0,KTEIFNKAUNYNJU-GFCCVEGCSA-N,BRD-K78431006
Crizotinib,Q8TD19,790.0,KTEIFNKAUNYNJU-GFCCVEGCSA-N,BRD-K78431006
Crizotinib,Q8TDR2,610.0,KTEIFNKAUNYNJU-GFCCVEGCSA-N,BRD-K78431006
Crizotinib,Q8TDX7,5700.0,KTEIFNKAUNYNJU-GFCCVEGCSA-N,BRD-K78431006
Crizotinib,Q92630,4000.0,KTEIFNKAUNYNJU-GFCCVEGCSA-N,BRD-K78431006
Crizotinib,Q92772,2100.0,KTEIFNKAUNYNJU-GFCCVEGCSA-N,BRD-K78431006
Crizotinib,Q92918,39.0,KTEIFNKAUNYNJU-GFCCVEGCSA-N,BRD-K78431006
Crizotinib,Q96D53,1100.0,KTEIFNKAUNYNJU-GFCCVEGCSA-N,BRD-K78431006
Crizotinib,Q96GD4,76.0,KTEIFNKAUNYNJU-GFCCVEGCSA-N,BRD-K78431006
Crizotinib,Q96RR4,1500.0,KTEIFNKAUNYNJU-GFCCVEGCSA-N,BRD-K78431006
Crizotinib,Q96SB4,1800.0,KTEIFNKAUNYNJU-GFCCVEGCSA-N,BRD-K78431006
Crizotinib,Q99755,3200.0,KTEIFNKAUNYNJU-GFCCVEGCSA-N,BRD-K78431006
Crizotinib,Q99759,110.0,KTEIFNKAUNYNJU-GFCCVEGCSA-N,BRD-K78431006
Crizotinib,Q9BRS2,6100.0,KTEIFNKAUNYNJU-GFCCVEGCSA-N,BRD-K78431006
Crizotinib,Q9H093,120.0,KTEIFNKAUNYNJU-GFCCVEGCSA-N,BRD-K78431006
Crizotinib,Q9H0K1,200.0,KTEIFNKAUNYNJU-GFCCVEGCSA-N,BRD-K78431006
Crizotinib,Q9H2G2,18.0,KTEIFNKAUNYNJU-GFCCVEGCSA-N,BRD-K78431006
Crizotinib,Q9H2K8,490.0,KTEIFNKAUNYNJU-GFCCVEGCSA-N,BRD-K78431006
Crizotinib,Q9NSY1,740.0,KTEIFNKAUNYNJU-GFCCVEGCSA-N,BRD-K78431006
Crizotinib,Q9NWZ3,3600.0,KTEIFNKAUNYNJU-GFCCVEGCSA-N,BRD-K78431006
Crizotinib,Q9P289,2800.0,KTEIFNKAUNYNJU-GFCCVEGCSA-N,BRD-K78431006
Crizotinib,Q9UF33,267.5,KTEIFNKAUNYNJU-GFCCVEGCSA-N,BRD-K78431006
Crizotinib,Q9UHD2,690.0,KTEIFNKAUNYNJU-GFCCVEGCSA-N,BRD-K78431006
Crizotinib,Q9UL54,900.0,KTEIFNKAUNYNJU-GFCCVEGCSA-N,BRD-K78431006
Crizotinib,Q9UM73,1254.5944827586206,KTEIFNKAUNYNJU-GFCCVEGCSA-N,BRD-K78431006
Crizotinib,Q9UPE1,8200.0,KTEIFNKAUNYNJU-GFCCVEGCSA-N,BRD-K78431006
Crizotinib,Q9UQ88,420.0,KTEIFNKAUNYNJU-GFCCVEGCSA-N,BRD-K78431006
Crizotinib,Q9UQB9,4300.0,KTEIFNKAUNYNJU-GFCCVEGCSA-N,BRD-K78431006
Crizotinib,Q9Y2U5,72.0,KTEIFNKAUNYNJU-GFCCVEGCSA-N,BRD-K78431006
Crizotinib,Q9Y4K4,79.0,KTEIFNKAUNYNJU-GFCCVEGCSA-N,BRD-K78431006
Crizotinib,Q9Y616,31.0,KTEIFNKAUNYNJU-GFCCVEGCSA-N,BRD-K78431006
Cytarabine,Q9Y6Q9,7533.0,UHDGCWIWMRVCDJ-CCXZUQQUSA-N,BRD-K33106058
Dabrafenib,P36897,3700.0,BFSMGDJOXZAERB-UHFFFAOYSA-N,BRD-K09951645
Dactinomycin,P62993,5000.0,RJURFGZVJUQBHK-IIXSONLDSA-N,BRD-K70578146
Dactinomycin,Q16832,9000.0,RJURFGZVJUQBHK-IIXSONLDSA-N,BRD-K70578146
Dasatinib,O00238,53.0,ZBNZXTGUTAYRHI-UHFFFAOYSA-N,BRD-K49328571
Dasatinib,O00506,3400.0,ZBNZXTGUTAYRHI-UHFFFAOYSA-N,BRD-K49328571
Dasatinib,O14965,5966.5,ZBNZXTGUTAYRHI-UHFFFAOYSA-N,BRD-K49328571
Dasatinib,O14976,651.9499999999999,ZBNZXTGUTAYRHI-UHFFFAOYSA-N,BRD-K49328571
Dasatinib,O15197,0.039,ZBNZXTGUTAYRHI-UHFFFAOYSA-N,BRD-K49328571
Dasatinib,O43283,5300.0,ZBNZXTGUTAYRHI-UHFFFAOYSA-N,BRD-K49328571
Dasatinib,O43318,3700.0,ZBNZXTGUTAYRHI-UHFFFAOYSA-N,BRD-K49328571
Dasatinib,O43353,7792.75,ZBNZXTGUTAYRHI-UHFFFAOYSA-N,BRD-K49328571
Dasatinib,O94804,1200.0,ZBNZXTGUTAYRHI-UHFFFAOYSA-N,BRD-K49328571
Dasatinib,P00519,206.42812500034375,ZBNZXTGUTAYRHI-UHFFFAOYSA-N,BRD-K49328571
Dasatinib,P06239,29.74285714285714,ZBNZXTGUTAYRHI-UHFFFAOYSA-N,BRD-K49328571
Dasatinib,P06241,263.85999999999996,ZBNZXTGUTAYRHI-UHFFFAOYSA-N,BRD-K49328571
Dasatinib,P07333,118.71200000000002,ZBNZXTGUTAYRHI-UHFFFAOYSA-N,BRD-K49328571
Dasatinib,P07947,75.275,ZBNZXTGUTAYRHI-UHFFFAOYSA-N,BRD-K49328571
Dasatinib,P07948,190.38,ZBNZXTGUTAYRHI-UHFFFAOYSA-N,BRD-K49328571
Dasatinib,P07949,1017.8,ZBNZXTGUTAYRHI-UHFFFAOYSA-N,BRD-K49328571
Dasatinib,P08631,116.90000000000002,ZBNZXTGUTAYRHI-UHFFFAOYSA-N,BRD-K49328571
Dasatinib,P08684,6300.0,ZBNZXTGUTAYRHI-UHFFFAOYSA-N,BRD-K49328571
Dasatinib,P09619,164.815,ZBNZXTGUTAYRHI-UHFFFAOYSA-N,BRD-K49328571
Dasatinib,P09769,167.0,ZBNZXTGUTAYRHI-UHFFFAOYSA-N,BRD-K49328571
Dasatinib,P0C1S8,200.0,ZBNZXTGUTAYRHI-UHFFFAOYSA-N,BRD-K49328571
Dasatinib,P10721,336.512,ZBNZXTGUTAYRHI-UHFFFAOYSA-N,BRD-K49328571
Dasatinib,P12931,22.8720000012,ZBNZXTGUTAYRHI-UHFFFAOYSA-N,BRD-K49328571
Dasatinib,P16234,133.485,ZBNZXTGUTAYRHI-UHFFFAOYSA-N,BRD-K49328571
Dasatinib,P21709,1369.3999999999999,ZBNZXTGUTAYRHI-UHFFFAOYSA-N,BRD-K49328571
Dasatinib,P21860,18.0,ZBNZXTGUTAYRHI-UHFFFAOYSA-N,BRD-K49328571
Dasatinib,P22607,3900.0,ZBNZXTGUTAYRHI-UHFFFAOYSA-N,BRD-K49328571
Dasatinib,P29317,247.175,ZBNZXTGUTAYRHI-UHFFFAOYSA-N,BRD-K49328571
Dasatinib,P29320,0.093,ZBNZXTGUTAYRHI-UHFFFAOYSA-N,BRD-K49328571
Dasatinib,P29322,80.16,ZBNZXTGUTAYRHI-UHFFFAOYSA-N,BRD-K49328571
Dasatinib,P29323,98.795,ZBNZXTGUTAYRHI-UHFFFAOYSA-N,BRD-K49328571
Dasatinib,P29597,955.0,ZBNZXTGUTAYRHI-UHFFFAOYSA-N,BRD-K49328571
Dasatinib,P35968,2630.0,ZBNZXTGUTAYRHI-UHFFFAOYSA-N,BRD-K49328571
Dasatinib,P36888,5411.571428571428,ZBNZXTGUTAYRHI-UHFFFAOYSA-N,BRD-K49328571
Dasatinib,P36894,7000.0,ZBNZXTGUTAYRHI-UHFFFAOYSA-N,BRD-K49328571
Dasatinib,P41240,334.0,ZBNZXTGUTAYRHI-UHFFFAOYSA-N,BRD-K49328571
Dasatinib,P42680,3330.75,ZBNZXTGUTAYRHI-UHFFFAOYSA-N,BRD-K49328571
Dasatinib,P42681,526.125,ZBNZXTGUTAYRHI-UHFFFAOYSA-N,BRD-K49328571
Dasatinib,P42684,56.779999999999994,ZBNZXTGUTAYRHI-UHFFFAOYSA-N,BRD-K49328571
Dasatinib,P42685,103.54,ZBNZXTGUTAYRHI-UHFFFAOYSA-N,BRD-K49328571
Dasatinib,P51451,70.14,ZBNZXTGUTAYRHI-UHFFFAOYSA-N,BRD-K49328571
Dasatinib,P51813,467.6000000000001,ZBNZXTGUTAYRHI-UHFFFAOYSA-N,BRD-K49328571
Dasatinib,P51955,6500.0,ZBNZXTGUTAYRHI-UHFFFAOYSA-N,BRD-K49328571
Dasatinib,P52333,640.0,ZBNZXTGUTAYRHI-UHFFFAOYSA-N,BRD-K49328571
Dasatinib,P53671,86.0,ZBNZXTGUTAYRHI-UHFFFAOYSA-N,BRD-K49328571
Dasatinib,P54753,2304.6,ZBNZXTGUTAYRHI-UHFFFAOYSA-N,BRD-K49328571
Dasatinib,P54756,80.16,ZBNZXTGUTAYRHI-UHFFFAOYSA-N,BRD-K49328571
Dasatinib,P54760,113.56,ZBNZXTGUTAYRHI-UHFFFAOYSA-N,BRD-K49328571
Dasatinib,P54762,150.29999999999998,ZBNZXTGUTAYRHI-UHFFFAOYSA-N,BRD-K49328571
Dasatinib,P54764,400.8,ZBNZXTGUTAYRHI-UHFFFAOYSA-N,BRD-K49328571
Dasatinib,P57059,1302.6000000000001,ZBNZXTGUTAYRHI-UHFFFAOYSA-N,BRD-K49328571
Dasatinib,Q01538,63.0,ZBNZXTGUTAYRHI-UHFFFAOYSA-N,BRD-K49328571
Dasatinib,Q06187,235.6833333333333,ZBNZXTGUTAYRHI-UHFFFAOYSA-N,BRD-K49328571
Dasatinib,Q07912,5.733333333333333,ZBNZXTGUTAYRHI-UHFFFAOYSA-N,BRD-K49328571
Dasatinib,Q08345,139.33599999999998,ZBNZXTGUTAYRHI-UHFFFAOYSA-N,BRD-K49328571
Dasatinib,Q12851,1300.0,ZBNZXTGUTAYRHI-UHFFFAOYSA-N,BRD-K49328571
Dasatinib,Q13043,3800.0,ZBNZXTGUTAYRHI-UHFFFAOYSA-N,BRD-K49328571
Dasatinib,Q13163,3.3,ZBNZXTGUTAYRHI-UHFFFAOYSA-N,BRD-K49328571
Dasatinib,Q13882,1956.15,ZBNZXTGUTAYRHI-UHFFFAOYSA-N,BRD-K49328571
Dasatinib,Q16539,5529.8,ZBNZXTGUTAYRHI-UHFFFAOYSA-N,BRD-K49328571
Dasatinib,Q16832,5.885714285714286,ZBNZXTGUTAYRHI-UHFFFAOYSA-N,BRD-K49328571
Dasatinib,Q52WX2,1200.0,ZBNZXTGUTAYRHI-UHFFFAOYSA-N,BRD-K49328571
Dasatinib,Q56UN5,79.0,ZBNZXTGUTAYRHI-UHFFFAOYSA-N,BRD-K49328571
Dasatinib,Q59H18,3674.0,ZBNZXTGUTAYRHI-UHFFFAOYSA-N,BRD-K49328571
Dasatinib,Q6PHR2,4600.0,ZBNZXTGUTAYRHI-UHFFFAOYSA-N,BRD-K49328571
Dasatinib,Q86Y07,3200.0,ZBNZXTGUTAYRHI-UHFFFAOYSA-N,BRD-K49328571
Dasatinib,Q8N4C8,430.0,ZBNZXTGUTAYRHI-UHFFFAOYSA-N,BRD-K49328571
Dasatinib,Q8NG66,470.0,ZBNZXTGUTAYRHI-UHFFFAOYSA-N,BRD-K49328571
Dasatinib,Q8TDR2,770.0,ZBNZXTGUTAYRHI-UHFFFAOYSA-N,BRD-K49328571
Dasatinib,Q96GD4,6485.0,ZBNZXTGUTAYRHI-UHFFFAOYSA-N,BRD-K49328571
Dasatinib,Q99759,280.0,ZBNZXTGUTAYRHI-UHFFFAOYSA-N,BRD-K49328571
Dasatinib,Q9H0K1,2137.6,ZBNZXTGUTAYRHI-UHFFFAOYSA-N,BRD-K49328571
Dasatinib,Q9H1R3,3500.0,ZBNZXTGUTAYRHI-UHFFFAOYSA-N,BRD-K49328571
Dasatinib,Q9H2K8,2300.0,ZBNZXTGUTAYRHI-UHFFFAOYSA-N,BRD-K49328571
Dasatinib,Q9H3Y6,4342.0,ZBNZXTGUTAYRHI-UHFFFAOYSA-N,BRD-K49328571
Dasatinib,Q9UF33,2100.0,ZBNZXTGUTAYRHI-UHFFFAOYSA-N,BRD-K49328571
Dasatinib,Q9UL54,5400.0,ZBNZXTGUTAYRHI-UHFFFAOYSA-N,BRD-K49328571
Dasatinib,Q9Y2K2,28.0,ZBNZXTGUTAYRHI-UHFFFAOYSA-N,BRD-K49328571
Dasatinib,Q9Y2U5,140.0,ZBNZXTGUTAYRHI-UHFFFAOYSA-N,BRD-K49328571
Dexamethasone,P04054,610.0,UREBDLICKHMUKA-CXSFZGCWSA-N,BRD-K38775274
Dexamethasone,P04150,4.1003255813953485,UREBDLICKHMUKA-CXSFZGCWSA-N,BRD-K38775274
Dexamethasone,P06401,669.5,UREBDLICKHMUKA-CXSFZGCWSA-N,BRD-K38775274
Dexamethasone,P08235,26.506666666666668,UREBDLICKHMUKA-CXSFZGCWSA-N,BRD-K38775274
Dexamethasone,P10275,1410.0,UREBDLICKHMUKA-CXSFZGCWSA-N,BRD-K38775274
Dexamethasone,P35354,130.0,UREBDLICKHMUKA-CXSFZGCWSA-N,BRD-K38775274
Dexamethasone,P39877,620.0,UREBDLICKHMUKA-CXSFZGCWSA-N,BRD-K38775274
Docetaxel,P00533,0.82,ZDZOTLJHXYCWBA-VCVYQWHSSA-N,BRD-K30577245
Docetaxel,P52732,2.3725,ZDZOTLJHXYCWBA-VCVYQWHSSA-N,BRD-K30577245
Docetaxel,Q02643,0.14,ZDZOTLJHXYCWBA-VCVYQWHSSA-N,BRD-K30577245
Enzalutamide,P10275,1590.0,WXCXUHSOUPDCQV-UHFFFAOYSA-N,BRD-K56851771
Etoposide,Q9NPD5,8840.0,VJJPUSNTGOMMGY-MRVIYFEKSA-N,BRD-K37798499
Etoposide,Q9Y6Q9,2482.0,VJJPUSNTGOMMGY-MRVIYFEKSA-N,BRD-K37798499
Everolimus,P42345,2.0,HKVAMNSJSFKALM-GKUWKFKPSA-N,BRD-K13514097
Exemestane,P11511,262.5499996175,BFYIZQONLCFLEV-DAELLWKTSA-N,BRD-K33425534
Fludarabine Phosphate,P23921,1000.0,GIUYCYHIANZCFB-FJFJXFQQSA-N,BRD-K71106091
Fludarabine Phosphate,P31350,1000.0,GIUYCYHIANZCFB-FJFJXFQQSA-N,BRD-K71106091
Flutamide,O00748,2300.0,MKXKFYHWDHIYRV-UHFFFAOYSA-N,BRD-K28307902
Flutamide,P06401,2013.0,MKXKFYHWDHIYRV-UHFFFAOYSA-N,BRD-K28307902
Flutamide,P10275,5418.882,MKXKFYHWDHIYRV-UHFFFAOYSA-N,BRD-K28307902
Flutamide,P22760,7300.0,MKXKFYHWDHIYRV-UHFFFAOYSA-N,BRD-K28307902
Fulvestrant,O75469,1950.0,VWUXBMIQPBEWFH-WCCTWKNTSA-N,BRD-A85667082
Fulvestrant,P03372,2.908333327,VWUXBMIQPBEWFH-WCCTWKNTSA-N,BRD-A85667082
Fulvestrant,P11474,2.0,VWUXBMIQPBEWFH-WCCTWKNTSA-N,BRD-A85667082
Fulvestrant,P34913,16.0,VWUXBMIQPBEWFH-WCCTWKNTSA-N,BRD-A85667082
Fulvestrant,Q92731,11.013333331,VWUXBMIQPBEWFH-WCCTWKNTSA-N,BRD-A85667082
Fulvestrant,Q96RI1,790.0,VWUXBMIQPBEWFH-WCCTWKNTSA-N,BRD-A85667082
Gefitinib,O14976,2609.2,XGALLCVXEZPNRQ-UHFFFAOYSA-N,BRD-K64052750
Gefitinib,O15197,3200.0,XGALLCVXEZPNRQ-UHFFFAOYSA-N,BRD-K64052750
Gefitinib,O75676,1200.0,XGALLCVXEZPNRQ-UHFFFAOYSA-N,BRD-K64052750
Gefitinib,O94804,603.3333333333334,XGALLCVXEZPNRQ-UHFFFAOYSA-N,BRD-K64052750
Gefitinib,O96017,800.0,XGALLCVXEZPNRQ-UHFFFAOYSA-N,BRD-K64052750
Gefitinib,P00519,1217.5,XGALLCVXEZPNRQ-UHFFFAOYSA-N,BRD-K64052750
Gefitinib,P00533,182.49410256410258,XGALLCVXEZPNRQ-UHFFFAOYSA-N,BRD-K64052750
Gefitinib,P08581,3500.0,XGALLCVXEZPNRQ-UHFFFAOYSA-N,BRD-K64052750
Gefitinib,P09769,2600.0,XGALLCVXEZPNRQ-UHFFFAOYSA-N,BRD-K64052750
Gefitinib,P15735,4550.0,XGALLCVXEZPNRQ-UHFFFAOYSA-N,BRD-K64052750
Gefitinib,P21860,790.0,XGALLCVXEZPNRQ-UHFFFAOYSA-N,BRD-K64052750
Gefitinib,P29320,5500.0,XGALLCVXEZPNRQ-UHFFFAOYSA-N,BRD-K64052750
Gefitinib,P29376,5500.0,XGALLCVXEZPNRQ-UHFFFAOYSA-N,BRD-K64052750
Gefitinib,P30530,1800.0,XGALLCVXEZPNRQ-UHFFFAOYSA-N,BRD-K64052750
Gefitinib,P36888,2271.2,XGALLCVXEZPNRQ-UHFFFAOYSA-N,BRD-K64052750
Gefitinib,P42684,1600.0,XGALLCVXEZPNRQ-UHFFFAOYSA-N,BRD-K64052750
Gefitinib,P45984,1550.0,XGALLCVXEZPNRQ-UHFFFAOYSA-N,BRD-K64052750
Gefitinib,P48730,3200.0,XGALLCVXEZPNRQ-UHFFFAOYSA-N,BRD-K64052750
Gefitinib,P50613,610.0,XGALLCVXEZPNRQ-UHFFFAOYSA-N,BRD-K64052750
Gefitinib,P51617,69.0,XGALLCVXEZPNRQ-UHFFFAOYSA-N,BRD-K64052750
Gefitinib,P54756,1500.0,XGALLCVXEZPNRQ-UHFFFAOYSA-N,BRD-K64052750
Gefitinib,P54760,2500.0,XGALLCVXEZPNRQ-UHFFFAOYSA-N,BRD-K64052750
Gefitinib,P54762,4300.0,XGALLCVXEZPNRQ-UHFFFAOYSA-N,BRD-K64052750
Gefitinib,Q13163,600.0,XGALLCVXEZPNRQ-UHFFFAOYSA-N,BRD-K64052750
Gefitinib,Q15139,3500.0,XGALLCVXEZPNRQ-UHFFFAOYSA-N,BRD-K64052750
Gefitinib,Q52WX2,560.0,XGALLCVXEZPNRQ-UHFFFAOYSA-N,BRD-K64052750
Gefitinib,Q56UN5,240.0,XGALLCVXEZPNRQ-UHFFFAOYSA-N,BRD-K64052750
Gefitinib,Q86V86,5800.0,XGALLCVXEZPNRQ-UHFFFAOYSA-N,BRD-K64052750
Gefitinib,Q8N4C8,1800.0,XGALLCVXEZPNRQ-UHFFFAOYSA-N,BRD-K64052750
Gefitinib,Q8NE63,310.0,XGALLCVXEZPNRQ-UHFFFAOYSA-N,BRD-K64052750
Gefitinib,Q8TBX8,7500.0,XGALLCVXEZPNRQ-UHFFFAOYSA-N,BRD-K64052750
Gefitinib,Q99759,2100.0,XGALLCVXEZPNRQ-UHFFFAOYSA-N,BRD-K64052750
Gefitinib,Q9C098,2900.0,XGALLCVXEZPNRQ-UHFFFAOYSA-N,BRD-K64052750
Gefitinib,Q9H093,4600.0,XGALLCVXEZPNRQ-UHFFFAOYSA-N,BRD-K64052750
Gefitinib,Q9NRP7,5700.0,XGALLCVXEZPNRQ-UHFFFAOYSA-N,BRD-K64052750
Gefitinib,Q9NWZ3,540.0,XGALLCVXEZPNRQ-UHFFFAOYSA-N,BRD-K64052750
Gefitinib,Q9UBE8,4200.0,XGALLCVXEZPNRQ-UHFFFAOYSA-N,BRD-K64052750
Gefitinib,Q9UF33,860.0,XGALLCVXEZPNRQ-UHFFFAOYSA-N,BRD-K64052750
Gefitinib,Q9UKE5,6900.0,XGALLCVXEZPNRQ-UHFFFAOYSA-N,BRD-K64052750
Gefitinib,Q9UNQ0,1487.5,XGALLCVXEZPNRQ-UHFFFAOYSA-N,BRD-K64052750
Gefitinib,Q9Y2U5,3300.0,XGALLCVXEZPNRQ-UHFFFAOYSA-N,BRD-K64052750
Gefitinib,Q9Y616,757.5,XGALLCVXEZPNRQ-UHFFFAOYSA-N,BRD-K64052750
Ibrutinib,P00533,5.6,XYFPWWZEPKGCCK-GOSISDBHSA-N,BRD-K70301465
Ibrutinib,P07948,200.0,XYFPWWZEPKGCCK-GOSISDBHSA-N,BRD-K70301465
Ibrutinib,P07949,37.0,XYFPWWZEPKGCCK-GOSISDBHSA-N,BRD-K70301465
Ibrutinib,P21802,280.0,XYFPWWZEPKGCCK-GOSISDBHSA-N,BRD-K70301465
Ibrutinib,P51451,0.5,XYFPWWZEPKGCCK-GOSISDBHSA-N,BRD-K70301465
Ibrutinib,P51813,0.8000000060000001,XYFPWWZEPKGCCK-GOSISDBHSA-N,BRD-K70301465
Ibrutinib,Q06187,3.875,XYFPWWZEPKGCCK-GOSISDBHSA-N,BRD-K70301465
Idelalisib,O00329,9.977777777777778,IFSDAJWBUCMOAH-HNNXBMFYSA-N,BRD-K60866521
Idelalisib,P42336,3780.0,IFSDAJWBUCMOAH-HNNXBMFYSA-N,BRD-K60866521
Idelalisib,P42338,842.3333333333334,IFSDAJWBUCMOAH-HNNXBMFYSA-N,BRD-K60866521
Idelalisib,P48736,252.66666666666666,IFSDAJWBUCMOAH-HNNXBMFYSA-N,BRD-K60866521
Idelalisib,P78527,6700.0,IFSDAJWBUCMOAH-HNNXBMFYSA-N,BRD-K60866521
Imiquimod,Q9NYK1,7110.0,DOUYETYNHWVLEO-UHFFFAOYSA-N,BRD-K26657438
Letrozole,P11511,7.406315789473684,HPJKCIUCZWXJDR-UHFFFAOYSA-N,BRD-K88789588
Letrozole,P15538,2620.0,HPJKCIUCZWXJDR-UHFFFAOYSA-N,BRD-K88789588
Letrozole,P19099,1420.0,HPJKCIUCZWXJDR-UHFFFAOYSA-N,BRD-K88789588
Methotrexate,P00374,93.45467484921213,FBOZXECLQNJBKD-ZDUSSCGKSA-N,BRD-K59456551
Methotrexate,P14207,158.5,FBOZXECLQNJBKD-ZDUSSCGKSA-N,BRD-K59456551
Methotrexate,P15328,287.5,FBOZXECLQNJBKD-ZDUSSCGKSA-N,BRD-K59456551
Methotrexate,P41440,2737.3333333333335,FBOZXECLQNJBKD-ZDUSSCGKSA-N,BRD-K59456551
Methotrexate,Q05932,3200.0,FBOZXECLQNJBKD-ZDUSSCGKSA-N,BRD-K59456551
Methotrexate,Q96NT5,121.0,FBOZXECLQNJBKD-ZDUSSCGKSA-N,BRD-K59456551
Nilotinib,O15197,500.0,HHZIURLSWUIHRB-UHFFFAOYSA-N,BRD-K81528515
Nilotinib,O43570,302.0,HHZIURLSWUIHRB-UHFFFAOYSA-N,BRD-K81528515
Nilotinib,O60674,8539.0,HHZIURLSWUIHRB-UHFFFAOYSA-N,BRD-K81528515
Nilotinib,O94804,6800.0,HHZIURLSWUIHRB-UHFFFAOYSA-N,BRD-K81528515
Nilotinib,P00519,51.13041666666666,HHZIURLSWUIHRB-UHFFFAOYSA-N,BRD-K81528515
Nilotinib,P00915,29.3,HHZIURLSWUIHRB-UHFFFAOYSA-N,BRD-K81528515
Nilotinib,P00918,4.1,HHZIURLSWUIHRB-UHFFFAOYSA-N,BRD-K81528515
Nilotinib,P04049,2500.0,HHZIURLSWUIHRB-UHFFFAOYSA-N,BRD-K81528515
Nilotinib,P06239,77.5,HHZIURLSWUIHRB-UHFFFAOYSA-N,BRD-K81528515
Nilotinib,P06241,1600.0,HHZIURLSWUIHRB-UHFFFAOYSA-N,BRD-K81528515
Nilotinib,P07333,361.0,HHZIURLSWUIHRB-UHFFFAOYSA-N,BRD-K81528515
Nilotinib,P07451,443.0,HHZIURLSWUIHRB-UHFFFAOYSA-N,BRD-K81528515
Nilotinib,P07947,1100.0,HHZIURLSWUIHRB-UHFFFAOYSA-N,BRD-K81528515
Nilotinib,P07948,690.5,HHZIURLSWUIHRB-UHFFFAOYSA-N,BRD-K81528515
Nilotinib,P07949,985.0,HHZIURLSWUIHRB-UHFFFAOYSA-N,BRD-K81528515
Nilotinib,P08631,390.0,HHZIURLSWUIHRB-UHFFFAOYSA-N,BRD-K81528515
Nilotinib,P09619,44.4,HHZIURLSWUIHRB-UHFFFAOYSA-N,BRD-K81528515
Nilotinib,P09769,4030.5,HHZIURLSWUIHRB-UHFFFAOYSA-N,BRD-K81528515
Nilotinib,P10721,189.16666666666666,HHZIURLSWUIHRB-UHFFFAOYSA-N,BRD-K81528515
Nilotinib,P12931,1900.0,HHZIURLSWUIHRB-UHFFFAOYSA-N,BRD-K81528515
Nilotinib,P15056,1135.0,HHZIURLSWUIHRB-UHFFFAOYSA-N,BRD-K81528515
Nilotinib,P16234,108.33333333333333,HHZIURLSWUIHRB-UHFFFAOYSA-N,BRD-K81528515
Nilotinib,P21709,590.0,HHZIURLSWUIHRB-UHFFFAOYSA-N,BRD-K81528515
Nilotinib,P22748,446.0,HHZIURLSWUIHRB-UHFFFAOYSA-N,BRD-K81528515
Nilotinib,P23280,461.0,HHZIURLSWUIHRB-UHFFFAOYSA-N,BRD-K81528515
Nilotinib,P29317,230.0,HHZIURLSWUIHRB-UHFFFAOYSA-N,BRD-K81528515
Nilotinib,P29320,110.0,HHZIURLSWUIHRB-UHFFFAOYSA-N,BRD-K81528515
Nilotinib,P29322,37.0,HHZIURLSWUIHRB-UHFFFAOYSA-N,BRD-K81528515
Nilotinib,P29323,322.0,HHZIURLSWUIHRB-UHFFFAOYSA-N,BRD-K81528515
Nilotinib,P29597,9437.0,HHZIURLSWUIHRB-UHFFFAOYSA-N,BRD-K81528515
Nilotinib,P35218,5485.0,HHZIURLSWUIHRB-UHFFFAOYSA-N,BRD-K81528515
Nilotinib,P35590,1000.0,HHZIURLSWUIHRB-UHFFFAOYSA-N,BRD-K81528515
Nilotinib,P41240,2400.0,HHZIURLSWUIHRB-UHFFFAOYSA-N,BRD-K81528515
Nilotinib,P42684,26.0,HHZIURLSWUIHRB-UHFFFAOYSA-N,BRD-K81528515
Nilotinib,P42685,2403.0,HHZIURLSWUIHRB-UHFFFAOYSA-N,BRD-K81528515
Nilotinib,P43166,99.0,HHZIURLSWUIHRB-UHFFFAOYSA-N,BRD-K81528515
Nilotinib,P45983,450.0,HHZIURLSWUIHRB-UHFFFAOYSA-N,BRD-K81528515
Nilotinib,P45984,5800.0,HHZIURLSWUIHRB-UHFFFAOYSA-N,BRD-K81528515
Nilotinib,P49759,2100.0,HHZIURLSWUIHRB-UHFFFAOYSA-N,BRD-K81528515
Nilotinib,P51451,500.0,HHZIURLSWUIHRB-UHFFFAOYSA-N,BRD-K81528515
Nilotinib,P53779,2000.0,HHZIURLSWUIHRB-UHFFFAOYSA-N,BRD-K81528515
Nilotinib,P54753,1000.0,HHZIURLSWUIHRB-UHFFFAOYSA-N,BRD-K81528515
Nilotinib,P54756,1900.0,HHZIURLSWUIHRB-UHFFFAOYSA-N,BRD-K81528515
Nilotinib,P54760,383.5,HHZIURLSWUIHRB-UHFFFAOYSA-N,BRD-K81528515
Nilotinib,P54762,1300.0,HHZIURLSWUIHRB-UHFFFAOYSA-N,BRD-K81528515
Nilotinib,P54764,330.0,HHZIURLSWUIHRB-UHFFFAOYSA-N,BRD-K81528515
Nilotinib,Q02763,2302.0,HHZIURLSWUIHRB-UHFFFAOYSA-N,BRD-K81528515
Nilotinib,Q08345,24.759999999999998,HHZIURLSWUIHRB-UHFFFAOYSA-N,BRD-K81528515
Nilotinib,Q13163,190.0,HHZIURLSWUIHRB-UHFFFAOYSA-N,BRD-K81528515
Nilotinib,Q15759,36.0,HHZIURLSWUIHRB-UHFFFAOYSA-N,BRD-K81528515
Nilotinib,Q16288,600.0,HHZIURLSWUIHRB-UHFFFAOYSA-N,BRD-K81528515
Nilotinib,Q16539,460.0,HHZIURLSWUIHRB-UHFFFAOYSA-N,BRD-K81528515
Nilotinib,Q16620,4363.5,HHZIURLSWUIHRB-UHFFFAOYSA-N,BRD-K81528515
Nilotinib,Q16790,41.9,HHZIURLSWUIHRB-UHFFFAOYSA-N,BRD-K81528515
Nilotinib,Q16832,31.988888888888887,HHZIURLSWUIHRB-UHFFFAOYSA-N,BRD-K81528515
Nilotinib,Q59H18,360.0,HHZIURLSWUIHRB-UHFFFAOYSA-N,BRD-K81528515
Nilotinib,Q7L7X3,4700.0,HHZIURLSWUIHRB-UHFFFAOYSA-N,BRD-K81528515
Nilotinib,Q8TBX8,8800.0,HHZIURLSWUIHRB-UHFFFAOYSA-N,BRD-K81528515
Nilotinib,Q92918,890.0,HHZIURLSWUIHRB-UHFFFAOYSA-N,BRD-K81528515
Nilotinib,Q9H2K8,1700.0,HHZIURLSWUIHRB-UHFFFAOYSA-N,BRD-K81528515
Nilotinib,Q9HAZ1,7100.0,HHZIURLSWUIHRB-UHFFFAOYSA-N,BRD-K81528515
Nilotinib,Q9NYL2,11.0,HHZIURLSWUIHRB-UHFFFAOYSA-N,BRD-K81528515
Nilotinib,Q9UF33,640.0,HHZIURLSWUIHRB-UHFFFAOYSA-N,BRD-K81528515
Nilotinib,Q9ULX7,223.0,HHZIURLSWUIHRB-UHFFFAOYSA-N,BRD-K81528515
Nilotinib,Q9Y5S2,910.0,HHZIURLSWUIHRB-UHFFFAOYSA-N,BRD-K81528515
Olaparib,P09874,5.0,FDLYAMZZIXQODN-UHFFFAOYSA-N,BRD-K02113016
Olaparib,Q9UGN5,1.0,FDLYAMZZIXQODN-UHFFFAOYSA-N,BRD-K02113016
Osimertinib,P06213,912.0,DUYJMQONPNNFPI-UHFFFAOYSA-N,BRD-K42805893
Paclitaxel,P05106,34.0,RCINICONZNJXQF-MZXODVADSA-N,BRD-K62008436
Paclitaxel,P07437,9.0,RCINICONZNJXQF-MZXODVADSA-N,BRD-K62008436
Paclitaxel,Q9NPD5,1030.0,RCINICONZNJXQF-MZXODVADSA-N,BRD-K62008436
Paclitaxel,Q9Y6L6,560.0,RCINICONZNJXQF-MZXODVADSA-N,BRD-K62008436
Palbociclib,P11802,11.0,AHJRHEGDXFFMBM-UHFFFAOYSA-N,BRD-K51313569
Palbociclib,Q00534,16.0,AHJRHEGDXFFMBM-UHFFFAOYSA-N,BRD-K51313569
Panobinostat,O15379,2.766666666666667,FPOHNWQLNRZRFC-ZHACJKMWSA-N,BRD-K02130563
Panobinostat,P56524,6.3,FPOHNWQLNRZRFC-ZHACJKMWSA-N,BRD-K02130563
Panobinostat,Q13547,3.325,FPOHNWQLNRZRFC-ZHACJKMWSA-N,BRD-K02130563
Panobinostat,Q8WUI4,948.7666666666668,FPOHNWQLNRZRFC-ZHACJKMWSA-N,BRD-K02130563
Panobinostat,Q92769,2.3000000000000003,FPOHNWQLNRZRFC-ZHACJKMWSA-N,BRD-K02130563
Panobinostat,Q969S8,31.0,FPOHNWQLNRZRFC-ZHACJKMWSA-N,BRD-K02130563
Panobinostat,Q96DB2,3.5,FPOHNWQLNRZRFC-ZHACJKMWSA-N,BRD-K02130563
Panobinostat,Q9BY41,167.0,FPOHNWQLNRZRFC-ZHACJKMWSA-N,BRD-K02130563
Panobinostat,Q9UBN7,30.85,FPOHNWQLNRZRFC-ZHACJKMWSA-N,BRD-K02130563
Panobinostat,Q9UKV0,2.1,FPOHNWQLNRZRFC-ZHACJKMWSA-N,BRD-K02130563
Panobinostat,Q9UQL6,0.7,FPOHNWQLNRZRFC-ZHACJKMWSA-N,BRD-K02130563
Plerixafor,P41597,0.065,YIQPUIGJQJDJOS-UHFFFAOYSA-N,BRD-K33240821
Plerixafor,P51679,651.0,YIQPUIGJQJDJOS-UHFFFAOYSA-N,BRD-K33240821
Plerixafor,P61073,1380.793076923077,YIQPUIGJQJDJOS-UHFFFAOYSA-N,BRD-K33240821
Pralatrexate,P00374,45.0,OGSBUKJUDHAQEA-WMCAAGNKSA-N,BRD-A74914197
Regorafenib,P15056,28.0,FNHKPVJBJVTLMP-UHFFFAOYSA-N,BRD-K16730910
Regorafenib,P23415,1800.0,FNHKPVJBJVTLMP-UHFFFAOYSA-N,BRD-K16730910
Regorafenib,P34913,0.5,FNHKPVJBJVTLMP-UHFFFAOYSA-N,BRD-K16730910
Romidepsin,O15379,36.61875000075,OHRURASPPZQGQM-GCCNXGTGSA-N,BRD-K61397605
Romidepsin,O75376,0.15,OHRURASPPZQGQM-GCCNXGTGSA-N,BRD-K61397605
Romidepsin,P56524,387.625,OHRURASPPZQGQM-GCCNXGTGSA-N,BRD-K61397605
Romidepsin,Q13547,4040.0857222222216,OHRURASPPZQGQM-GCCNXGTGSA-N,BRD-K61397605
Romidepsin,Q8WUI4,1250.0,OHRURASPPZQGQM-GCCNXGTGSA-N,BRD-K61397605
Romidepsin,Q92769,16.012666666333335,OHRURASPPZQGQM-GCCNXGTGSA-N,BRD-K61397605
Romidepsin,Q9BY41,0.150000006,OHRURASPPZQGQM-GCCNXGTGSA-N,BRD-K61397605
Romidepsin,Q9UKV0,1100.0,OHRURASPPZQGQM-GCCNXGTGSA-N,BRD-K61397605
Romidepsin,Q9UQL6,550.0,OHRURASPPZQGQM-GCCNXGTGSA-N,BRD-K61397605
Sonidegib,Q99835,6.0,VZZJRYRQSPEMTK-CALCHBBNSA-N,BRD-K19796430
Toremifene,O60240,1140.0,XFCLJVABOIYOMF-QPLCGJKRSA-N,BRD-K51350053
Toremifene,P41235,7866.0,XFCLJVABOIYOMF-QPLCGJKRSA-N,BRD-K51350053
Toremifene,P50406,4125.0,XFCLJVABOIYOMF-QPLCGJKRSA-N,BRD-K51350053
Toremifene,Q00G26,1381.0,XFCLJVABOIYOMF-QPLCGJKRSA-N,BRD-K51350053
Trametinib,P36507,1.799999952,LIRYPHYGHXZJBZ-UHFFFAOYSA-N,BRD-K12343256
Vandetanib,O00238,240.0,UHTHHESEBZOYNR-UHFFFAOYSA-N,BRD-K77625799
Vandetanib,O15197,76.0,UHTHHESEBZOYNR-UHFFFAOYSA-N,BRD-K77625799
Vandetanib,O43353,1160.0500000000002,UHTHHESEBZOYNR-UHFFFAOYSA-N,BRD-K77625799
Vandetanib,O75116,3600.0,UHTHHESEBZOYNR-UHFFFAOYSA-N,BRD-K77625799
Vandetanib,O94804,854.0,UHTHHESEBZOYNR-UHFFFAOYSA-N,BRD-K77625799
Vandetanib,P00533,1934.5128205128206,UHTHHESEBZOYNR-UHFFFAOYSA-N,BRD-K77625799
Vandetanib,P06239,4273.75,UHTHHESEBZOYNR-UHFFFAOYSA-N,BRD-K77625799
Vandetanib,P07949,58.77777777777778,UHTHHESEBZOYNR-UHFFFAOYSA-N,BRD-K77625799
Vandetanib,P15735,8700.0,UHTHHESEBZOYNR-UHFFFAOYSA-N,BRD-K77625799
Vandetanib,P21860,160.0,UHTHHESEBZOYNR-UHFFFAOYSA-N,BRD-K77625799
Vandetanib,P22455,2300.0,UHTHHESEBZOYNR-UHFFFAOYSA-N,BRD-K77625799
Vandetanib,P23443,1600.0,UHTHHESEBZOYNR-UHFFFAOYSA-N,BRD-K77625799
Vandetanib,P29320,1933.3333333333333,UHTHHESEBZOYNR-UHFFFAOYSA-N,BRD-K77625799
Vandetanib,P29376,550.0,UHTHHESEBZOYNR-UHFFFAOYSA-N,BRD-K77625799
Vandetanib,P37023,470.0,UHTHHESEBZOYNR-UHFFFAOYSA-N,BRD-K77625799
Vandetanib,P50613,4100.0,UHTHHESEBZOYNR-UHFFFAOYSA-N,BRD-K77625799
Vandetanib,P51617,1200.0,UHTHHESEBZOYNR-UHFFFAOYSA-N,BRD-K77625799
Vandetanib,P57058,4100.0,UHTHHESEBZOYNR-UHFFFAOYSA-N,BRD-K77625799
Vandetanib,P57078,620.0,UHTHHESEBZOYNR-UHFFFAOYSA-N,BRD-K77625799
Vandetanib,Q04912,3370.0,UHTHHESEBZOYNR-UHFFFAOYSA-N,BRD-K77625799
Vandetanib,Q06187,1700.0,UHTHHESEBZOYNR-UHFFFAOYSA-N,BRD-K77625799
Vandetanib,Q08345,3674.0,UHTHHESEBZOYNR-UHFFFAOYSA-N,BRD-K77625799
Vandetanib,Q12851,1600.0,UHTHHESEBZOYNR-UHFFFAOYSA-N,BRD-K77625799
Vandetanib,Q13131,6500.0,UHTHHESEBZOYNR-UHFFFAOYSA-N,BRD-K77625799
Vandetanib,Q13163,49.0,UHTHHESEBZOYNR-UHFFFAOYSA-N,BRD-K77625799
Vandetanib,Q16832,320.0,UHTHHESEBZOYNR-UHFFFAOYSA-N,BRD-K77625799
Vandetanib,Q56UN5,980.0,UHTHHESEBZOYNR-UHFFFAOYSA-N,BRD-K77625799
Vandetanib,Q6PHR2,6400.0,UHTHHESEBZOYNR-UHFFFAOYSA-N,BRD-K77625799
Vandetanib,Q8N4C8,3400.0,UHTHHESEBZOYNR-UHFFFAOYSA-N,BRD-K77625799
Vandetanib,Q8TDR2,56.0,UHTHHESEBZOYNR-UHFFFAOYSA-N,BRD-K77625799
Vandetanib,Q8WU08,5000.0,UHTHHESEBZOYNR-UHFFFAOYSA-N,BRD-K77625799
Vandetanib,Q92918,5500.0,UHTHHESEBZOYNR-UHFFFAOYSA-N,BRD-K77625799
Vandetanib,Q9NWZ3,75.0,UHTHHESEBZOYNR-UHFFFAOYSA-N,BRD-K77625799
Vandetanib,Q9UF33,1394.1666666666667,UHTHHESEBZOYNR-UHFFFAOYSA-N,BRD-K77625799
Vandetanib,Q9Y2K2,3900.0,UHTHHESEBZOYNR-UHFFFAOYSA-N,BRD-K77625799
Vandetanib,Q9Y6R4,3900.0,UHTHHESEBZOYNR-UHFFFAOYSA-N,BRD-K77625799
Vemurafenib,P04049,48.0,GPXBXXGIAQBQNI-UHFFFAOYSA-N,BRD-K56343971
Vemurafenib,P15056,55.4,GPXBXXGIAQBQNI-UHFFFAOYSA-N,BRD-K56343971
Venetoclax,Q07817,48.0,LQBVNQSMGBZMKD-UHFFFAOYSA-N,BRD-K62391742
Venetoclax,Q92843,245.0,LQBVNQSMGBZMKD-UHFFFAOYSA-N,BRD-K62391742
Vismodegib,Q15465,882.5,BPQMGSKTAYIVFO-UHFFFAOYSA-N,BRD-K44827188
Vismodegib,Q99835,17.485714394285715,BPQMGSKTAYIVFO-UHFFFAOYSA-N,BRD-K44827188
Vorinostat,O15379,105.17460317460318,WAEXFXRVDQXREF-UHFFFAOYSA-N,BRD-K81418486
Vorinostat,O75376,12.0,WAEXFXRVDQXREF-UHFFFAOYSA-N,BRD-K81418486
Vorinostat,P51843,747.17,WAEXFXRVDQXREF-UHFFFAOYSA-N,BRD-K81418486
Vorinostat,Q13547,145.03267326685148,WAEXFXRVDQXREF-UHFFFAOYSA-N,BRD-K81418486
Vorinostat,Q92769,244.36610169532204,WAEXFXRVDQXREF-UHFFFAOYSA-N,BRD-K81418486
Vorinostat,Q969S8,256.8095238095238,WAEXFXRVDQXREF-UHFFFAOYSA-N,BRD-K81418486
Vorinostat,Q96DB2,545.5294117647059,WAEXFXRVDQXREF-UHFFFAOYSA-N,BRD-K81418486
Vorinostat,Q9BY41,1175.7624590163934,WAEXFXRVDQXREF-UHFFFAOYSA-N,BRD-K81418486
Vorinostat,Q9UBN7,200.94810126612657,WAEXFXRVDQXREF-UHFFFAOYSA-N,BRD-K81418486
Vorinostat,Q9UQL6,6153.888888888889,WAEXFXRVDQXREF-UHFFFAOYSA-N,BRD-K81418486
Zoledronic Acid,P14324,99.9337486425,XRASPMIURGNCCH-UHFFFAOYSA-N,BRD-K84253429
